{
  "type": "FeatureCollection",
  "crs": {
    "type": "name",
    "properties": {
      "name": "EPSG:4326"
    }
  },
  "features": [
    {
      "type": "Feature",
      "geometry": {
        "type": "Point",
        "coordinates": [
          -76.5,
          4.0
        ]
      },
      "properties": {
        "u_ms": 0.6702,
        "v_ms": -0.7029,
        "rapidez_ms": 0.9712,
        "direccion_grados": 316.37,
        "label": "0.97 m/s"
      }
    },
    {
      "type": "Feature",
      "geometry": {
        "type": "Point",
        "coordinates": [
          -76.41666666666667,
          4.0
        ]
      },
      "properties": {
        "u_ms": 0.849,
        "v_ms": -0.5508,
        "rapidez_ms": 1.0121,
        "direccion_grados": 302.97,
        "label": "1.01 m/s"
      }
    },
    {
      "type": "Feature",
      "geometry": {
        "type": "Point",
        "coordinates": [
          -76.33333333333333,
          4.0
        ]
      },
      "properties": {
        "u_ms": 1.0279,
        "v_ms": -0.3988,
        "rapidez_ms": 1.1025,
        "direccion_grados": 291.2,
        "label": "1.10 m/s"
      }
    },
    {
      "type": "Feature",
      "geometry": {
        "type": "Point",
        "coordinates": [
          -76.25,
          4.0
        ]
      },
      "properties": {
        "u_ms": 1.2068,
        "v_ms": -0.2467,
        "rapidez_ms": 1.2317,
        "direccion_grados": 281.55,
        "label": "1.23 m/s"
      }
    },
    {
      "type": "Feature",
      "geometry": {
        "type": "Point",
        "coordinates": [
          -76.16666666666667,
          4.0
        ]
      },
      "properties": {
        "u_ms": 0.7467,
        "v_ms": -0.0837,
        "rapidez_ms": 0.7514,
        "direccion_grados": 276.39,
        "label": "0.75 m/s"
      }
    },
    {
      "type": "Feature",
      "geometry": {
        "type": "Point",
        "coordinates": [
          -76.08333333333333,
          4.0
        ]
      },
      "properties": {
        "u_ms": 0.2867,
        "v_ms": 0.0793,
        "rapidez_ms": 0.2975,
        "direccion_grados": 254.53,
        "label": "0.30 m/s"
      }
    },
    {
      "type": "Feature",
      "geometry": {
        "type": "Point",
        "coordinates": [
          -76.0,
          4.0
        ]
      },
      "properties": {
        "u_ms": -0.1733,
        "v_ms": 0.2423,
        "rapidez_ms": 0.2979,
        "direccion_grados": 144.43,
        "label": "0.30 m/s"
      }
    },
    {
      "type": "Feature",
      "geometry": {
        "type": "Point",
        "coordinates": [
          -75.91666666666667,
          4.0
        ]
      },
      "properties": {
        "u_ms": -0.3271,
        "v_ms": 0.4286,
        "rapidez_ms": 0.5392,
        "direccion_grados": 142.65,
        "label": "0.54 m/s"
      }
    },
    {
      "type": "Feature",
      "geometry": {
        "type": "Point",
        "coordinates": [
          -75.83333333333333,
          4.0
        ]
      },
      "properties": {
        "u_ms": -0.4809,
        "v_ms": 0.6149,
        "rapidez_ms": 0.7806,
        "direccion_grados": 141.98,
        "label": "0.78 m/s"
      }
    },
    {
      "type": "Feature",
      "geometry": {
        "type": "Point",
        "coordinates": [
          -75.75,
          4.0
        ]
      },
      "properties": {
        "u_ms": -0.6346,
        "v_ms": 0.8012,
        "rapidez_ms": 1.0221,
        "direccion_grados": 141.62,
        "label": "1.02 m/s"
      }
    },
    {
      "type": "Feature",
      "geometry": {
        "type": "Point",
        "coordinates": [
          -75.66666666666667,
          4.0
        ]
      },
      "properties": {
        "u_ms": -0.4836,
        "v_ms": 0.7606,
        "rapidez_ms": 0.9013,
        "direccion_grados": 147.55,
        "label": "0.90 m/s"
      }
    },
    {
      "type": "Feature",
      "geometry": {
        "type": "Point",
        "coordinates": [
          -75.58333333333333,
          4.0
        ]
      },
      "properties": {
        "u_ms": -0.3327,
        "v_ms": 0.72,
        "rapidez_ms": 0.7931,
        "direccion_grados": 155.2,
        "label": "0.79 m/s"
      }
    },
    {
      "type": "Feature",
      "geometry": {
        "type": "Point",
        "coordinates": [
          -75.5,
          4.0
        ]
      },
      "properties": {
        "u_ms": -0.1817,
        "v_ms": 0.6794,
        "rapidez_ms": 0.7032,
        "direccion_grados": 165.03,
        "label": "0.70 m/s"
      }
    },
    {
      "type": "Feature",
      "geometry": {
        "type": "Point",
        "coordinates": [
          -75.41666666666667,
          4.0
        ]
      },
      "properties": {
        "u_ms": -0.1325,
        "v_ms": 0.5468,
        "rapidez_ms": 0.5626,
        "direccion_grados": 166.38,
        "label": "0.56 m/s"
      }
    },
    {
      "type": "Feature",
      "geometry": {
        "type": "Point",
        "coordinates": [
          -75.33333333333333,
          4.0
        ]
      },
      "properties": {
        "u_ms": -0.0833,
        "v_ms": 0.4143,
        "rapidez_ms": 0.4226,
        "direccion_grados": 168.62,
        "label": "0.42 m/s"
      }
    },
    {
      "type": "Feature",
      "geometry": {
        "type": "Point",
        "coordinates": [
          -75.25,
          4.0
        ]
      },
      "properties": {
        "u_ms": -0.0342,
        "v_ms": 0.2817,
        "rapidez_ms": 0.2838,
        "direccion_grados": 173.08,
        "label": "0.28 m/s"
      }
    },
    {
      "type": "Feature",
      "geometry": {
        "type": "Point",
        "coordinates": [
          -75.16666666666667,
          4.0
        ]
      },
      "properties": {
        "u_ms": -0.1329,
        "v_ms": 0.1893,
        "rapidez_ms": 0.2313,
        "direccion_grados": 144.92,
        "label": "0.23 m/s"
      }
    },
    {
      "type": "Feature",
      "geometry": {
        "type": "Point",
        "coordinates": [
          -75.08333333333333,
          4.0
        ]
      },
      "properties": {
        "u_ms": -0.2317,
        "v_ms": 0.0969,
        "rapidez_ms": 0.2511,
        "direccion_grados": 112.69,
        "label": "0.25 m/s"
      }
    },
    {
      "type": "Feature",
      "geometry": {
        "type": "Point",
        "coordinates": [
          -75.0,
          4.0
        ]
      },
      "properties": {
        "u_ms": -0.3304,
        "v_ms": 0.0044,
        "rapidez_ms": 0.3305,
        "direccion_grados": 90.77,
        "label": "0.33 m/s"
      }
    },
    {
      "type": "Feature",
      "geometry": {
        "type": "Point",
        "coordinates": [
          -76.5,
          4.083333333333333
        ]
      },
      "properties": {
        "u_ms": 0.6979,
        "v_ms": -0.5375,
        "rapidez_ms": 0.8809,
        "direccion_grados": 307.6,
        "label": "0.88 m/s"
      }
    },
    {
      "type": "Feature",
      "geometry": {
        "type": "Point",
        "coordinates": [
          -76.41666666666667,
          4.083333333333333
        ]
      },
      "properties": {
        "u_ms": 0.8496,
        "v_ms": -0.4559,
        "rapidez_ms": 0.9642,
        "direccion_grados": 298.22,
        "label": "0.96 m/s"
      }
    },
    {
      "type": "Feature",
      "geometry": {
        "type": "Point",
        "coordinates": [
          -76.33333333333333,
          4.083333333333333
        ]
      },
      "properties": {
        "u_ms": 1.0012,
        "v_ms": -0.3744,
        "rapidez_ms": 1.0689,
        "direccion_grados": 290.5,
        "label": "1.07 m/s"
      }
    },
    {
      "type": "Feature",
      "geometry": {
        "type": "Point",
        "coordinates": [
          -76.25,
          4.083333333333333
        ]
      },
      "properties": {
        "u_ms": 1.1529,
        "v_ms": -0.2928,
        "rapidez_ms": 1.1895,
        "direccion_grados": 284.25,
        "label": "1.19 m/s"
      }
    },
    {
      "type": "Feature",
      "geometry": {
        "type": "Point",
        "coordinates": [
          -76.16666666666667,
          4.083333333333333
        ]
      },
      "properties": {
        "u_ms": 0.7363,
        "v_ms": -0.1613,
        "rapidez_ms": 0.7538,
        "direccion_grados": 282.36,
        "label": "0.75 m/s"
      }
    },
    {
      "type": "Feature",
      "geometry": {
        "type": "Point",
        "coordinates": [
          -76.08333333333333,
          4.083333333333333
        ]
      },
      "properties": {
        "u_ms": 0.3197,
        "v_ms": -0.0299,
        "rapidez_ms": 0.3211,
        "direccion_grados": 275.34,
        "label": "0.32 m/s"
      }
    },
    {
      "type": "Feature",
      "geometry": {
        "type": "Point",
        "coordinates": [
          -76.0,
          4.083333333333333
        ]
      },
      "properties": {
        "u_ms": -0.0969,
        "v_ms": 0.1015,
        "rapidez_ms": 0.1403,
        "direccion_grados": 136.35,
        "label": "0.14 m/s"
      }
    },
    {
      "type": "Feature",
      "geometry": {
        "type": "Point",
        "coordinates": [
          -75.91666666666667,
          4.083333333333333
        ]
      },
      "properties": {
        "u_ms": -0.2726,
        "v_ms": 0.2604,
        "rapidez_ms": 0.377,
        "direccion_grados": 133.69,
        "label": "0.38 m/s"
      }
    },
    {
      "type": "Feature",
      "geometry": {
        "type": "Point",
        "coordinates": [
          -75.83333333333333,
          4.083333333333333
        ]
      },
      "properties": {
        "u_ms": -0.4483,
        "v_ms": 0.4193,
        "rapidez_ms": 0.6138,
        "direccion_grados": 133.09,
        "label": "0.61 m/s"
      }
    },
    {
      "type": "Feature",
      "geometry": {
        "type": "Point",
        "coordinates": [
          -75.75,
          4.083333333333333
        ]
      },
      "properties": {
        "u_ms": -0.624,
        "v_ms": 0.5782,
        "rapidez_ms": 0.8507,
        "direccion_grados": 132.82,
        "label": "0.85 m/s"
      }
    },
    {
      "type": "Feature",
      "geometry": {
        "type": "Point",
        "coordinates": [
          -75.66666666666667,
          4.083333333333333
        ]
      },
      "properties": {
        "u_ms": -0.4898,
        "v_ms": 0.5509,
        "rapidez_ms": 0.7372,
        "direccion_grados": 138.36,
        "label": "0.74 m/s"
      }
    },
    {
      "type": "Feature",
      "geometry": {
        "type": "Point",
        "coordinates": [
          -75.58333333333333,
          4.083333333333333
        ]
      },
      "properties": {
        "u_ms": -0.3556,
        "v_ms": 0.5236,
        "rapidez_ms": 0.6329,
        "direccion_grados": 145.82,
        "label": "0.63 m/s"
      }
    },
    {
      "type": "Feature",
      "geometry": {
        "type": "Point",
        "coordinates": [
          -75.5,
          4.083333333333333
        ]
      },
      "properties": {
        "u_ms": -0.2214,
        "v_ms": 0.4963,
        "rapidez_ms": 0.5434,
        "direccion_grados": 155.96,
        "label": "0.54 m/s"
      }
    },
    {
      "type": "Feature",
      "geometry": {
        "type": "Point",
        "coordinates": [
          -75.41666666666667,
          4.083333333333333
        ]
      },
      "properties": {
        "u_ms": -0.1913,
        "v_ms": 0.3996,
        "rapidez_ms": 0.4431,
        "direccion_grados": 154.42,
        "label": "0.44 m/s"
      }
    },
    {
      "type": "Feature",
      "geometry": {
        "type": "Point",
        "coordinates": [
          -75.33333333333333,
          4.083333333333333
        ]
      },
      "properties": {
        "u_ms": -0.1612,
        "v_ms": 0.303,
        "rapidez_ms": 0.3432,
        "direccion_grados": 151.98,
        "label": "0.34 m/s"
      }
    },
    {
      "type": "Feature",
      "geometry": {
        "type": "Point",
        "coordinates": [
          -75.25,
          4.083333333333333
        ]
      },
      "properties": {
        "u_ms": -0.1312,
        "v_ms": 0.2063,
        "rapidez_ms": 0.2445,
        "direccion_grados": 147.56,
        "label": "0.24 m/s"
      }
    },
    {
      "type": "Feature",
      "geometry": {
        "type": "Point",
        "coordinates": [
          -75.16666666666667,
          4.083333333333333
        ]
      },
      "properties": {
        "u_ms": -0.2198,
        "v_ms": 0.1179,
        "rapidez_ms": 0.2495,
        "direccion_grados": 118.21,
        "label": "0.25 m/s"
      }
    },
    {
      "type": "Feature",
      "geometry": {
        "type": "Point",
        "coordinates": [
          -75.08333333333333,
          4.083333333333333
        ]
      },
      "properties": {
        "u_ms": -0.3085,
        "v_ms": 0.0295,
        "rapidez_ms": 0.3099,
        "direccion_grados": 95.47,
        "label": "0.31 m/s"
      }
    },
    {
      "type": "Feature",
      "geometry": {
        "type": "Point",
        "coordinates": [
          -75.0,
          4.083333333333333
        ]
      },
      "properties": {
        "u_ms": -0.3971,
        "v_ms": -0.0588,
        "rapidez_ms": 0.4015,
        "direccion_grados": 81.57,
        "label": "0.40 m/s"
      }
    },
    {
      "type": "Feature",
      "geometry": {
        "type": "Point",
        "coordinates": [
          -76.5,
          4.166666666666667
        ]
      },
      "properties": {
        "u_ms": 0.7257,
        "v_ms": -0.3721,
        "rapidez_ms": 0.8156,
        "direccion_grados": 297.15,
        "label": "0.82 m/s"
      }
    },
    {
      "type": "Feature",
      "geometry": {
        "type": "Point",
        "coordinates": [
          -76.41666666666667,
          4.166666666666667
        ]
      },
      "properties": {
        "u_ms": 0.8501,
        "v_ms": -0.361,
        "rapidez_ms": 0.9236,
        "direccion_grados": 293.01,
        "label": "0.92 m/s"
      }
    },
    {
      "type": "Feature",
      "geometry": {
        "type": "Point",
        "coordinates": [
          -76.33333333333333,
          4.166666666666667
        ]
      },
      "properties": {
        "u_ms": 0.9745,
        "v_ms": -0.35,
        "rapidez_ms": 1.0355,
        "direccion_grados": 289.75,
        "label": "1.04 m/s"
      }
    },
    {
      "type": "Feature",
      "geometry": {
        "type": "Point",
        "coordinates": [
          -76.25,
          4.166666666666667
        ]
      },
      "properties": {
        "u_ms": 1.0989,
        "v_ms": -0.3389,
        "rapidez_ms": 1.15,
        "direccion_grados": 287.14,
        "label": "1.15 m/s"
      }
    },
    {
      "type": "Feature",
      "geometry": {
        "type": "Point",
        "coordinates": [
          -76.16666666666667,
          4.166666666666667
        ]
      },
      "properties": {
        "u_ms": 0.7258,
        "v_ms": -0.239,
        "rapidez_ms": 0.7642,
        "direccion_grados": 288.23,
        "label": "0.76 m/s"
      }
    },
    {
      "type": "Feature",
      "geometry": {
        "type": "Point",
        "coordinates": [
          -76.08333333333333,
          4.166666666666667
        ]
      },
      "properties": {
        "u_ms": 0.3527,
        "v_ms": -0.1391,
        "rapidez_ms": 0.3792,
        "direccion_grados": 291.53,
        "label": "0.38 m/s"
      }
    },
    {
      "type": "Feature",
      "geometry": {
        "type": "Point",
        "coordinates": [
          -76.0,
          4.166666666666667
        ]
      },
      "properties": {
        "u_ms": -0.0204,
        "v_ms": -0.0393,
        "rapidez_ms": 0.0443,
        "direccion_grados": 27.47,
        "label": "0.04 m/s"
      }
    },
    {
      "type": "Feature",
      "geometry": {
        "type": "Point",
        "coordinates": [
          -75.91666666666667,
          4.166666666666667
        ]
      },
      "properties": {
        "u_ms": -0.2181,
        "v_ms": 0.0922,
        "rapidez_ms": 0.2368,
        "direccion_grados": 112.93,
        "label": "0.24 m/s"
      }
    },
    {
      "type": "Feature",
      "geometry": {
        "type": "Point",
        "coordinates": [
          -75.83333333333333,
          4.166666666666667
        ]
      },
      "properties": {
        "u_ms": -0.4157,
        "v_ms": 0.2237,
        "rapidez_ms": 0.4721,
        "direccion_grados": 118.29,
        "label": "0.47 m/s"
      }
    },
    {
      "type": "Feature",
      "geometry": {
        "type": "Point",
        "coordinates": [
          -75.75,
          4.166666666666667
        ]
      },
      "properties": {
        "u_ms": -0.6134,
        "v_ms": 0.3552,
        "rapidez_ms": 0.7088,
        "direccion_grados": 120.08,
        "label": "0.71 m/s"
      }
    },
    {
      "type": "Feature",
      "geometry": {
        "type": "Point",
        "coordinates": [
          -75.66666666666667,
          4.166666666666667
        ]
      },
      "properties": {
        "u_ms": -0.496,
        "v_ms": 0.3412,
        "rapidez_ms": 0.602,
        "direccion_grados": 124.53,
        "label": "0.60 m/s"
      }
    },
    {
      "type": "Feature",
      "geometry": {
        "type": "Point",
        "coordinates": [
          -75.58333333333333,
          4.166666666666667
        ]
      },
      "properties": {
        "u_ms": -0.3786,
        "v_ms": 0.3272,
        "rapidez_ms": 0.5004,
        "direccion_grados": 130.84,
        "label": "0.50 m/s"
      }
    },
    {
      "type": "Feature",
      "geometry": {
        "type": "Point",
        "coordinates": [
          -75.5,
          4.166666666666667
        ]
      },
      "properties": {
        "u_ms": -0.2611,
        "v_ms": 0.3132,
        "rapidez_ms": 0.4078,
        "direccion_grados": 140.18,
        "label": "0.41 m/s"
      }
    },
    {
      "type": "Feature",
      "geometry": {
        "type": "Point",
        "coordinates": [
          -75.41666666666667,
          4.166666666666667
        ]
      },
      "properties": {
        "u_ms": -0.2501,
        "v_ms": 0.2525,
        "rapidez_ms": 0.3554,
        "direccion_grados": 135.26,
        "label": "0.36 m/s"
      }
    },
    {
      "type": "Feature",
      "geometry": {
        "type": "Point",
        "coordinates": [
          -75.33333333333333,
          4.166666666666667
        ]
      },
      "properties": {
        "u_ms": -0.2391,
        "v_ms": 0.1917,
        "rapidez_ms": 0.3065,
        "direccion_grados": 128.72,
        "label": "0.31 m/s"
      }
    },
    {
      "type": "Feature",
      "geometry": {
        "type": "Point",
        "coordinates": [
          -75.25,
          4.166666666666667
        ]
      },
      "properties": {
        "u_ms": -0.2282,
        "v_ms": 0.1309,
        "rapidez_ms": 0.2631,
        "direccion_grados": 119.85,
        "label": "0.26 m/s"
      }
    },
    {
      "type": "Feature",
      "geometry": {
        "type": "Point",
        "coordinates": [
          -75.16666666666667,
          4.166666666666667
        ]
      },
      "properties": {
        "u_ms": -0.3067,
        "v_ms": 0.0466,
        "rapidez_ms": 0.3102,
        "direccion_grados": 98.64,
        "label": "0.31 m/s"
      }
    },
    {
      "type": "Feature",
      "geometry": {
        "type": "Point",
        "coordinates": [
          -75.08333333333333,
          4.166666666666667
        ]
      },
      "properties": {
        "u_ms": -0.3852,
        "v_ms": -0.0378,
        "rapidez_ms": 0.3871,
        "direccion_grados": 84.4,
        "label": "0.39 m/s"
      }
    },
    {
      "type": "Feature",
      "geometry": {
        "type": "Point",
        "coordinates": [
          -75.0,
          4.166666666666667
        ]
      },
      "properties": {
        "u_ms": -0.4638,
        "v_ms": -0.1221,
        "rapidez_ms": 0.4796,
        "direccion_grados": 75.25,
        "label": "0.48 m/s"
      }
    },
    {
      "type": "Feature",
      "geometry": {
        "type": "Point",
        "coordinates": [
          -76.5,
          4.25
        ]
      },
      "properties": {
        "u_ms": 0.7535,
        "v_ms": -0.2067,
        "rapidez_ms": 0.7813,
        "direccion_grados": 285.34,
        "label": "0.78 m/s"
      }
    },
    {
      "type": "Feature",
      "geometry": {
        "type": "Point",
        "coordinates": [
          -76.41666666666667,
          4.25
        ]
      },
      "properties": {
        "u_ms": 0.8507,
        "v_ms": -0.2661,
        "rapidez_ms": 0.8913,
        "direccion_grados": 287.37,
        "label": "0.89 m/s"
      }
    },
    {
      "type": "Feature",
      "geometry": {
        "type": "Point",
        "coordinates": [
          -76.33333333333333,
          4.25
        ]
      },
      "properties": {
        "u_ms": 0.9479,
        "v_ms": -0.3255,
        "rapidez_ms": 1.0022,
        "direccion_grados": 288.96,
        "label": "1.00 m/s"
      }
    },
    {
      "type": "Feature",
      "geometry": {
        "type": "Point",
        "coordinates": [
          -76.25,
          4.25
        ]
      },
      "properties": {
        "u_ms": 1.045,
        "v_ms": -0.3849,
        "rapidez_ms": 1.1137,
        "direccion_grados": 290.22,
        "label": "1.11 m/s"
      }
    },
    {
      "type": "Feature",
      "geometry": {
        "type": "Point",
        "coordinates": [
          -76.16666666666667,
          4.25
        ]
      },
      "properties": {
        "u_ms": 0.7154,
        "v_ms": -0.3167,
        "rapidez_ms": 0.7823,
        "direccion_grados": 293.88,
        "label": "0.78 m/s"
      }
    },
    {
      "type": "Feature",
      "geometry": {
        "type": "Point",
        "coordinates": [
          -76.08333333333333,
          4.25
        ]
      },
      "properties": {
        "u_ms": 0.3857,
        "v_ms": -0.2484,
        "rapidez_ms": 0.4588,
        "direccion_grados": 302.78,
        "label": "0.46 m/s"
      }
    },
    {
      "type": "Feature",
      "geometry": {
        "type": "Point",
        "coordinates": [
          -76.0,
          4.25
        ]
      },
      "properties": {
        "u_ms": 0.056,
        "v_ms": -0.1801,
        "rapidez_ms": 0.1886,
        "direccion_grados": 342.71,
        "label": "0.19 m/s"
      }
    },
    {
      "type": "Feature",
      "geometry": {
        "type": "Point",
        "coordinates": [
          -75.91666666666667,
          4.25
        ]
      },
      "properties": {
        "u_ms": -0.1636,
        "v_ms": -0.076,
        "rapidez_ms": 0.1803,
        "direccion_grados": 65.09,
        "label": "0.18 m/s"
      }
    },
    {
      "type": "Feature",
      "geometry": {
        "type": "Point",
        "coordinates": [
          -75.83333333333333,
          4.25
        ]
      },
      "properties": {
        "u_ms": -0.3832,
        "v_ms": 0.0281,
        "rapidez_ms": 0.3842,
        "direccion_grados": 94.2,
        "label": "0.38 m/s"
      }
    },
    {
      "type": "Feature",
      "geometry": {
        "type": "Point",
        "coordinates": [
          -75.75,
          4.25
        ]
      },
      "properties": {
        "u_ms": -0.6028,
        "v_ms": 0.1322,
        "rapidez_ms": 0.6171,
        "direccion_grados": 102.37,
        "label": "0.62 m/s"
      }
    },
    {
      "type": "Feature",
      "geometry": {
        "type": "Point",
        "coordinates": [
          -75.66666666666667,
          4.25
        ]
      },
      "properties": {
        "u_ms": -0.5021,
        "v_ms": 0.1315,
        "rapidez_ms": 0.5191,
        "direccion_grados": 104.68,
        "label": "0.52 m/s"
      }
    },
    {
      "type": "Feature",
      "geometry": {
        "type": "Point",
        "coordinates": [
          -75.58333333333333,
          4.25
        ]
      },
      "properties": {
        "u_ms": -0.4015,
        "v_ms": 0.1309,
        "rapidez_ms": 0.4223,
        "direccion_grados": 108.05,
        "label": "0.42 m/s"
      }
    },
    {
      "type": "Feature",
      "geometry": {
        "type": "Point",
        "coordinates": [
          -75.5,
          4.25
        ]
      },
      "properties": {
        "u_ms": -0.3009,
        "v_ms": 0.1302,
        "rapidez_ms": 0.3278,
        "direccion_grados": 113.39,
        "label": "0.33 m/s"
      }
    },
    {
      "type": "Feature",
      "geometry": {
        "type": "Point",
        "coordinates": [
          -75.41666666666667,
          4.25
        ]
      },
      "properties": {
        "u_ms": -0.309,
        "v_ms": 0.1053,
        "rapidez_ms": 0.3264,
        "direccion_grados": 108.82,
        "label": "0.33 m/s"
      }
    },
    {
      "type": "Feature",
      "geometry": {
        "type": "Point",
        "coordinates": [
          -75.33333333333333,
          4.25
        ]
      },
      "properties": {
        "u_ms": -0.3171,
        "v_ms": 0.0804,
        "rapidez_ms": 0.3271,
        "direccion_grados": 104.23,
        "label": "0.33 m/s"
      }
    },
    {
      "type": "Feature",
      "geometry": {
        "type": "Point",
        "coordinates": [
          -75.25,
          4.25
        ]
      },
      "properties": {
        "u_ms": -0.3251,
        "v_ms": 0.0555,
        "rapidez_ms": 0.3298,
        "direccion_grados": 99.69,
        "label": "0.33 m/s"
      }
    },
    {
      "type": "Feature",
      "geometry": {
        "type": "Point",
        "coordinates": [
          -75.16666666666667,
          4.25
        ]
      },
      "properties": {
        "u_ms": -0.3936,
        "v_ms": -0.0248,
        "rapidez_ms": 0.3944,
        "direccion_grados": 86.4,
        "label": "0.39 m/s"
      }
    },
    {
      "type": "Feature",
      "geometry": {
        "type": "Point",
        "coordinates": [
          -75.08333333333333,
          4.25
        ]
      },
      "properties": {
        "u_ms": -0.462,
        "v_ms": -0.1051,
        "rapidez_ms": 0.4738,
        "direccion_grados": 77.18,
        "label": "0.47 m/s"
      }
    },
    {
      "type": "Feature",
      "geometry": {
        "type": "Point",
        "coordinates": [
          -75.0,
          4.25
        ]
      },
      "properties": {
        "u_ms": -0.5305,
        "v_ms": -0.1854,
        "rapidez_ms": 0.562,
        "direccion_grados": 70.73,
        "label": "0.56 m/s"
      }
    },
    {
      "type": "Feature",
      "geometry": {
        "type": "Point",
        "coordinates": [
          -76.5,
          4.333333333333333
        ]
      },
      "properties": {
        "u_ms": 0.7302,
        "v_ms": -0.0757,
        "rapidez_ms": 0.7341,
        "direccion_grados": 275.92,
        "label": "0.73 m/s"
      }
    },
    {
      "type": "Feature",
      "geometry": {
        "type": "Point",
        "coordinates": [
          -76.41666666666667,
          4.333333333333333
        ]
      },
      "properties": {
        "u_ms": 0.8161,
        "v_ms": -0.1464,
        "rapidez_ms": 0.8292,
        "direccion_grados": 280.17,
        "label": "0.83 m/s"
      }
    },
    {
      "type": "Feature",
      "geometry": {
        "type": "Point",
        "coordinates": [
          -76.33333333333333,
          4.333333333333333
        ]
      },
      "properties": {
        "u_ms": 0.9021,
        "v_ms": -0.2171,
        "rapidez_ms": 0.9279,
        "direccion_grados": 283.53,
        "label": "0.93 m/s"
      }
    },
    {
      "type": "Feature",
      "geometry": {
        "type": "Point",
        "coordinates": [
          -76.25,
          4.333333333333333
        ]
      },
      "properties": {
        "u_ms": 0.9881,
        "v_ms": -0.2878,
        "rapidez_ms": 1.0291,
        "direccion_grados": 286.24,
        "label": "1.03 m/s"
      }
    },
    {
      "type": "Feature",
      "geometry": {
        "type": "Point",
        "coordinates": [
          -76.16666666666667,
          4.333333333333333
        ]
      },
      "properties": {
        "u_ms": 0.7224,
        "v_ms": -0.2573,
        "rapidez_ms": 0.7669,
        "direccion_grados": 289.6,
        "label": "0.77 m/s"
      }
    },
    {
      "type": "Feature",
      "geometry": {
        "type": "Point",
        "coordinates": [
          -76.08333333333333,
          4.333333333333333
        ]
      },
      "properties": {
        "u_ms": 0.4568,
        "v_ms": -0.2267,
        "rapidez_ms": 0.51,
        "direccion_grados": 296.4,
        "label": "0.51 m/s"
      }
    },
    {
      "type": "Feature",
      "geometry": {
        "type": "Point",
        "coordinates": [
          -76.0,
          4.333333333333333
        ]
      },
      "properties": {
        "u_ms": 0.1911,
        "v_ms": -0.1962,
        "rapidez_ms": 0.2739,
        "direccion_grados": 315.75,
        "label": "0.27 m/s"
      }
    },
    {
      "type": "Feature",
      "geometry": {
        "type": "Point",
        "coordinates": [
          -75.91666666666667,
          4.333333333333333
        ]
      },
      "properties": {
        "u_ms": -0.0304,
        "v_ms": -0.1072,
        "rapidez_ms": 0.1114,
        "direccion_grados": 15.83,
        "label": "0.11 m/s"
      }
    },
    {
      "type": "Feature",
      "geometry": {
        "type": "Point",
        "coordinates": [
          -75.83333333333333,
          4.333333333333333
        ]
      },
      "properties": {
        "u_ms": -0.2519,
        "v_ms": -0.0182,
        "rapidez_ms": 0.2526,
        "direccion_grados": 85.87,
        "label": "0.25 m/s"
      }
    },
    {
      "type": "Feature",
      "geometry": {
        "type": "Point",
        "coordinates": [
          -75.75,
          4.333333333333333
        ]
      },
      "properties": {
        "u_ms": -0.4735,
        "v_ms": 0.0708,
        "rapidez_ms": 0.4787,
        "direccion_grados": 98.5,
        "label": "0.48 m/s"
      }
    },
    {
      "type": "Feature",
      "geometry": {
        "type": "Point",
        "coordinates": [
          -75.66666666666667,
          4.333333333333333
        ]
      },
      "properties": {
        "u_ms": -0.4644,
        "v_ms": 0.0881,
        "rapidez_ms": 0.4727,
        "direccion_grados": 100.74,
        "label": "0.47 m/s"
      }
    },
    {
      "type": "Feature",
      "geometry": {
        "type": "Point",
        "coordinates": [
          -75.58333333333333,
          4.333333333333333
        ]
      },
      "properties": {
        "u_ms": -0.4553,
        "v_ms": 0.1054,
        "rapidez_ms": 0.4674,
        "direccion_grados": 103.04,
        "label": "0.47 m/s"
      }
    },
    {
      "type": "Feature",
      "geometry": {
        "type": "Point",
        "coordinates": [
          -75.5,
          4.333333333333333
        ]
      },
      "properties": {
        "u_ms": -0.4463,
        "v_ms": 0.1227,
        "rapidez_ms": 0.4629,
        "direccion_grados": 105.38,
        "label": "0.46 m/s"
      }
    },
    {
      "type": "Feature",
      "geometry": {
        "type": "Point",
        "coordinates": [
          -75.41666666666667,
          4.333333333333333
        ]
      },
      "properties": {
        "u_ms": -0.4544,
        "v_ms": 0.0979,
        "rapidez_ms": 0.4648,
        "direccion_grados": 102.16,
        "label": "0.46 m/s"
      }
    },
    {
      "type": "Feature",
      "geometry": {
        "type": "Point",
        "coordinates": [
          -75.33333333333333,
          4.333333333333333
        ]
      },
      "properties": {
        "u_ms": -0.4625,
        "v_ms": 0.073,
        "rapidez_ms": 0.4682,
        "direccion_grados": 98.97,
        "label": "0.47 m/s"
      }
    },
    {
      "type": "Feature",
      "geometry": {
        "type": "Point",
        "coordinates": [
          -75.25,
          4.333333333333333
        ]
      },
      "properties": {
        "u_ms": -0.4705,
        "v_ms": 0.0481,
        "rapidez_ms": 0.473,
        "direccion_grados": 95.84,
        "label": "0.47 m/s"
      }
    },
    {
      "type": "Feature",
      "geometry": {
        "type": "Point",
        "coordinates": [
          -75.16666666666667,
          4.333333333333333
        ]
      },
      "properties": {
        "u_ms": -0.4916,
        "v_ms": -0.0106,
        "rapidez_ms": 0.4917,
        "direccion_grados": 88.77,
        "label": "0.49 m/s"
      }
    },
    {
      "type": "Feature",
      "geometry": {
        "type": "Point",
        "coordinates": [
          -75.08333333333333,
          4.333333333333333
        ]
      },
      "properties": {
        "u_ms": -0.5127,
        "v_ms": -0.0693,
        "rapidez_ms": 0.5174,
        "direccion_grados": 82.3,
        "label": "0.52 m/s"
      }
    },
    {
      "type": "Feature",
      "geometry": {
        "type": "Point",
        "coordinates": [
          -75.0,
          4.333333333333333
        ]
      },
      "properties": {
        "u_ms": -0.5338,
        "v_ms": -0.128,
        "rapidez_ms": 0.5489,
        "direccion_grados": 76.51,
        "label": "0.55 m/s"
      }
    },
    {
      "type": "Feature",
      "geometry": {
        "type": "Point",
        "coordinates": [
          -76.5,
          4.416666666666667
        ]
      },
      "properties": {
        "u_ms": 0.7069,
        "v_ms": 0.0554,
        "rapidez_ms": 0.709,
        "direccion_grados": 265.52,
        "label": "0.71 m/s"
      }
    },
    {
      "type": "Feature",
      "geometry": {
        "type": "Point",
        "coordinates": [
          -76.41666666666667,
          4.416666666666667
        ]
      },
      "properties": {
        "u_ms": 0.7816,
        "v_ms": -0.0266,
        "rapidez_ms": 0.7821,
        "direccion_grados": 271.95,
        "label": "0.78 m/s"
      }
    },
    {
      "type": "Feature",
      "geometry": {
        "type": "Point",
        "coordinates": [
          -76.33333333333333,
          4.416666666666667
        ]
      },
      "properties": {
        "u_ms": 0.8564,
        "v_ms": -0.1087,
        "rapidez_ms": 0.8632,
        "direccion_grados": 277.23,
        "label": "0.86 m/s"
      }
    },
    {
      "type": "Feature",
      "geometry": {
        "type": "Point",
        "coordinates": [
          -76.25,
          4.416666666666667
        ]
      },
      "properties": {
        "u_ms": 0.9311,
        "v_ms": -0.1907,
        "rapidez_ms": 0.9504,
        "direccion_grados": 281.58,
        "label": "0.95 m/s"
      }
    },
    {
      "type": "Feature",
      "geometry": {
        "type": "Point",
        "coordinates": [
          -76.16666666666667,
          4.416666666666667
        ]
      },
      "properties": {
        "u_ms": 0.7295,
        "v_ms": -0.1979,
        "rapidez_ms": 0.7559,
        "direccion_grados": 285.18,
        "label": "0.76 m/s"
      }
    },
    {
      "type": "Feature",
      "geometry": {
        "type": "Point",
        "coordinates": [
          -76.08333333333333,
          4.416666666666667
        ]
      },
      "properties": {
        "u_ms": 0.5279,
        "v_ms": -0.2051,
        "rapidez_ms": 0.5663,
        "direccion_grados": 291.24,
        "label": "0.57 m/s"
      }
    },
    {
      "type": "Feature",
      "geometry": {
        "type": "Point",
        "coordinates": [
          -76.0,
          4.416666666666667
        ]
      },
      "properties": {
        "u_ms": 0.3262,
        "v_ms": -0.2123,
        "rapidez_ms": 0.3893,
        "direccion_grados": 303.06,
        "label": "0.39 m/s"
      }
    },
    {
      "type": "Feature",
      "geometry": {
        "type": "Point",
        "coordinates": [
          -75.91666666666667,
          4.416666666666667
        ]
      },
      "properties": {
        "u_ms": 0.1028,
        "v_ms": -0.1384,
        "rapidez_ms": 0.1724,
        "direccion_grados": 323.41,
        "label": "0.17 m/s"
      }
    },
    {
      "type": "Feature",
      "geometry": {
        "type": "Point",
        "coordinates": [
          -75.83333333333333,
          4.416666666666667
        ]
      },
      "properties": {
        "u_ms": -0.1207,
        "v_ms": -0.0646,
        "rapidez_ms": 0.1369,
        "direccion_grados": 61.86,
        "label": "0.14 m/s"
      }
    },
    {
      "type": "Feature",
      "geometry": {
        "type": "Point",
        "coordinates": [
          -75.75,
          4.416666666666667
        ]
      },
      "properties": {
        "u_ms": -0.3442,
        "v_ms": 0.0093,
        "rapidez_ms": 0.3443,
        "direccion_grados": 91.55,
        "label": "0.34 m/s"
      }
    },
    {
      "type": "Feature",
      "geometry": {
        "type": "Point",
        "coordinates": [
          -75.66666666666667,
          4.416666666666667
        ]
      },
      "properties": {
        "u_ms": -0.4267,
        "v_ms": 0.0447,
        "rapidez_ms": 0.429,
        "direccion_grados": 95.98,
        "label": "0.43 m/s"
      }
    },
    {
      "type": "Feature",
      "geometry": {
        "type": "Point",
        "coordinates": [
          -75.58333333333333,
          4.416666666666667
        ]
      },
      "properties": {
        "u_ms": -0.5092,
        "v_ms": 0.08,
        "rapidez_ms": 0.5154,
        "direccion_grados": 98.93,
        "label": "0.52 m/s"
      }
    },
    {
      "type": "Feature",
      "geometry": {
        "type": "Point",
        "coordinates": [
          -75.5,
          4.416666666666667
        ]
      },
      "properties": {
        "u_ms": -0.5917,
        "v_ms": 0.1153,
        "rapidez_ms": 0.6028,
        "direccion_grados": 101.03,
        "label": "0.60 m/s"
      }
    },
    {
      "type": "Feature",
      "geometry": {
        "type": "Point",
        "coordinates": [
          -75.41666666666667,
          4.416666666666667
        ]
      },
      "properties": {
        "u_ms": -0.5998,
        "v_ms": 0.0905,
        "rapidez_ms": 0.6066,
        "direccion_grados": 98.58,
        "label": "0.61 m/s"
      }
    },
    {
      "type": "Feature",
      "geometry": {
        "type": "Point",
        "coordinates": [
          -75.33333333333333,
          4.416666666666667
        ]
      },
      "properties": {
        "u_ms": -0.6079,
        "v_ms": 0.0656,
        "rapidez_ms": 0.6114,
        "direccion_grados": 96.16,
        "label": "0.61 m/s"
      }
    },
    {
      "type": "Feature",
      "geometry": {
        "type": "Point",
        "coordinates": [
          -75.25,
          4.416666666666667
        ]
      },
      "properties": {
        "u_ms": -0.6159,
        "v_ms": 0.0408,
        "rapidez_ms": 0.6173,
        "direccion_grados": 93.79,
        "label": "0.62 m/s"
      }
    },
    {
      "type": "Feature",
      "geometry": {
        "type": "Point",
        "coordinates": [
          -75.16666666666667,
          4.416666666666667
        ]
      },
      "properties": {
        "u_ms": -0.5897,
        "v_ms": 0.0036,
        "rapidez_ms": 0.5897,
        "direccion_grados": 90.35,
        "label": "0.59 m/s"
      }
    },
    {
      "type": "Feature",
      "geometry": {
        "type": "Point",
        "coordinates": [
          -75.08333333333333,
          4.416666666666667
        ]
      },
      "properties": {
        "u_ms": -0.5634,
        "v_ms": -0.0335,
        "rapidez_ms": 0.5644,
        "direccion_grados": 86.6,
        "label": "0.56 m/s"
      }
    },
    {
      "type": "Feature",
      "geometry": {
        "type": "Point",
        "coordinates": [
          -75.0,
          4.416666666666667
        ]
      },
      "properties": {
        "u_ms": -0.5371,
        "v_ms": -0.0706,
        "rapidez_ms": 0.5417,
        "direccion_grados": 82.51,
        "label": "0.54 m/s"
      }
    },
    {
      "type": "Feature",
      "geometry": {
        "type": "Point",
        "coordinates": [
          -76.5,
          4.5
        ]
      },
      "properties": {
        "u_ms": 0.6835,
        "v_ms": 0.1865,
        "rapidez_ms": 0.7085,
        "direccion_grados": 254.74,
        "label": "0.71 m/s"
      }
    },
    {
      "type": "Feature",
      "geometry": {
        "type": "Point",
        "coordinates": [
          -76.41666666666667,
          4.5
        ]
      },
      "properties": {
        "u_ms": 0.7471,
        "v_ms": 0.0932,
        "rapidez_ms": 0.7529,
        "direccion_grados": 262.89,
        "label": "0.75 m/s"
      }
    },
    {
      "type": "Feature",
      "geometry": {
        "type": "Point",
        "coordinates": [
          -76.33333333333333,
          4.5
        ]
      },
      "properties": {
        "u_ms": 0.8106,
        "v_ms": -0.0002,
        "rapidez_ms": 0.8106,
        "direccion_grados": 270.02,
        "label": "0.81 m/s"
      }
    },
    {
      "type": "Feature",
      "geometry": {
        "type": "Point",
        "coordinates": [
          -76.25,
          4.5
        ]
      },
      "properties": {
        "u_ms": 0.8741,
        "v_ms": -0.0936,
        "rapidez_ms": 0.8791,
        "direccion_grados": 276.11,
        "label": "0.88 m/s"
      }
    },
    {
      "type": "Feature",
      "geometry": {
        "type": "Point",
        "coordinates": [
          -76.16666666666667,
          4.5
        ]
      },
      "properties": {
        "u_ms": 0.7365,
        "v_ms": -0.1386,
        "rapidez_ms": 0.7495,
        "direccion_grados": 280.65,
        "label": "0.75 m/s"
      }
    },
    {
      "type": "Feature",
      "geometry": {
        "type": "Point",
        "coordinates": [
          -76.08333333333333,
          4.5
        ]
      },
      "properties": {
        "u_ms": 0.5989,
        "v_ms": -0.1835,
        "rapidez_ms": 0.6264,
        "direccion_grados": 287.03,
        "label": "0.63 m/s"
      }
    },
    {
      "type": "Feature",
      "geometry": {
        "type": "Point",
        "coordinates": [
          -76.0,
          4.5
        ]
      },
      "properties": {
        "u_ms": 0.4614,
        "v_ms": -0.2284,
        "rapidez_ms": 0.5148,
        "direccion_grados": 296.34,
        "label": "0.51 m/s"
      }
    },
    {
      "type": "Feature",
      "geometry": {
        "type": "Point",
        "coordinates": [
          -75.91666666666667,
          4.5
        ]
      },
      "properties": {
        "u_ms": 0.2359,
        "v_ms": -0.1697,
        "rapidez_ms": 0.2906,
        "direccion_grados": 305.72,
        "label": "0.29 m/s"
      }
    },
    {
      "type": "Feature",
      "geometry": {
        "type": "Point",
        "coordinates": [
          -75.83333333333333,
          4.5
        ]
      },
      "properties": {
        "u_ms": 0.0105,
        "v_ms": -0.1109,
        "rapidez_ms": 0.1114,
        "direccion_grados": 354.57,
        "label": "0.11 m/s"
      }
    },
    {
      "type": "Feature",
      "geometry": {
        "type": "Point",
        "coordinates": [
          -75.75,
          4.5
        ]
      },
      "properties": {
        "u_ms": -0.2149,
        "v_ms": -0.0521,
        "rapidez_ms": 0.2211,
        "direccion_grados": 76.37,
        "label": "0.22 m/s"
      }
    },
    {
      "type": "Feature",
      "geometry": {
        "type": "Point",
        "coordinates": [
          -75.66666666666667,
          4.5
        ]
      },
      "properties": {
        "u_ms": -0.3889,
        "v_ms": 0.0012,
        "rapidez_ms": 0.3889,
        "direccion_grados": 90.18,
        "label": "0.39 m/s"
      }
    },
    {
      "type": "Feature",
      "geometry": {
        "type": "Point",
        "coordinates": [
          -75.58333333333333,
          4.5
        ]
      },
      "properties": {
        "u_ms": -0.563,
        "v_ms": 0.0546,
        "rapidez_ms": 0.5657,
        "direccion_grados": 95.54,
        "label": "0.57 m/s"
      }
    },
    {
      "type": "Feature",
      "geometry": {
        "type": "Point",
        "coordinates": [
          -75.5,
          4.5
        ]
      },
      "properties": {
        "u_ms": -0.7371,
        "v_ms": 0.1079,
        "rapidez_ms": 0.7449,
        "direccion_grados": 98.33,
        "label": "0.74 m/s"
      }
    },
    {
      "type": "Feature",
      "geometry": {
        "type": "Point",
        "coordinates": [
          -75.41666666666667,
          4.5
        ]
      },
      "properties": {
        "u_ms": -0.7452,
        "v_ms": 0.0831,
        "rapidez_ms": 0.7498,
        "direccion_grados": 96.36,
        "label": "0.75 m/s"
      }
    },
    {
      "type": "Feature",
      "geometry": {
        "type": "Point",
        "coordinates": [
          -75.33333333333333,
          4.5
        ]
      },
      "properties": {
        "u_ms": -0.7533,
        "v_ms": 0.0582,
        "rapidez_ms": 0.7555,
        "direccion_grados": 94.42,
        "label": "0.76 m/s"
      }
    },
    {
      "type": "Feature",
      "geometry": {
        "type": "Point",
        "coordinates": [
          -75.25,
          4.5
        ]
      },
      "properties": {
        "u_ms": -0.7613,
        "v_ms": 0.0334,
        "rapidez_ms": 0.7621,
        "direccion_grados": 92.51,
        "label": "0.76 m/s"
      }
    },
    {
      "type": "Feature",
      "geometry": {
        "type": "Point",
        "coordinates": [
          -75.16666666666667,
          4.5
        ]
      },
      "properties": {
        "u_ms": -0.6877,
        "v_ms": 0.0178,
        "rapidez_ms": 0.6879,
        "direccion_grados": 91.49,
        "label": "0.69 m/s"
      }
    },
    {
      "type": "Feature",
      "geometry": {
        "type": "Point",
        "coordinates": [
          -75.08333333333333,
          4.5
        ]
      },
      "properties": {
        "u_ms": -0.6141,
        "v_ms": 0.0023,
        "rapidez_ms": 0.6141,
        "direccion_grados": 90.22,
        "label": "0.61 m/s"
      }
    },
    {
      "type": "Feature",
      "geometry": {
        "type": "Point",
        "coordinates": [
          -75.0,
          4.5
        ]
      },
      "properties": {
        "u_ms": -0.5404,
        "v_ms": -0.0132,
        "rapidez_ms": 0.5406,
        "direccion_grados": 88.6,
        "label": "0.54 m/s"
      }
    },
    {
      "type": "Feature",
      "geometry": {
        "type": "Point",
        "coordinates": [
          -76.5,
          4.583333333333333
        ]
      },
      "properties": {
        "u_ms": 0.6099,
        "v_ms": 0.2693,
        "rapidez_ms": 0.6667,
        "direccion_grados": 246.18,
        "label": "0.67 m/s"
      }
    },
    {
      "type": "Feature",
      "geometry": {
        "type": "Point",
        "coordinates": [
          -76.41666666666667,
          4.583333333333333
        ]
      },
      "properties": {
        "u_ms": 0.6872,
        "v_ms": 0.176,
        "rapidez_ms": 0.7093,
        "direccion_grados": 255.63,
        "label": "0.71 m/s"
      }
    },
    {
      "type": "Feature",
      "geometry": {
        "type": "Point",
        "coordinates": [
          -76.33333333333333,
          4.583333333333333
        ]
      },
      "properties": {
        "u_ms": 0.7644,
        "v_ms": 0.0827,
        "rapidez_ms": 0.7689,
        "direccion_grados": 263.82,
        "label": "0.77 m/s"
      }
    },
    {
      "type": "Feature",
      "geometry": {
        "type": "Point",
        "coordinates": [
          -76.25,
          4.583333333333333
        ]
      },
      "properties": {
        "u_ms": 0.8417,
        "v_ms": -0.0106,
        "rapidez_ms": 0.8417,
        "direccion_grados": 270.72,
        "label": "0.84 m/s"
      }
    },
    {
      "type": "Feature",
      "geometry": {
        "type": "Point",
        "coordinates": [
          -76.16666666666667,
          4.583333333333333
        ]
      },
      "properties": {
        "u_ms": 0.7244,
        "v_ms": -0.0615,
        "rapidez_ms": 0.727,
        "direccion_grados": 274.85,
        "label": "0.73 m/s"
      }
    },
    {
      "type": "Feature",
      "geometry": {
        "type": "Point",
        "coordinates": [
          -76.08333333333333,
          4.583333333333333
        ]
      },
      "properties": {
        "u_ms": 0.6072,
        "v_ms": -0.1124,
        "rapidez_ms": 0.6175,
        "direccion_grados": 280.49,
        "label": "0.62 m/s"
      }
    },
    {
      "type": "Feature",
      "geometry": {
        "type": "Point",
        "coordinates": [
          -76.0,
          4.583333333333333
        ]
      },
      "properties": {
        "u_ms": 0.4899,
        "v_ms": -0.1634,
        "rapidez_ms": 0.5165,
        "direccion_grados": 288.44,
        "label": "0.52 m/s"
      }
    },
    {
      "type": "Feature",
      "geometry": {
        "type": "Point",
        "coordinates": [
          -75.91666666666667,
          4.583333333333333
        ]
      },
      "properties": {
        "u_ms": 0.2936,
        "v_ms": -0.1366,
        "rapidez_ms": 0.3238,
        "direccion_grados": 294.96,
        "label": "0.32 m/s"
      }
    },
    {
      "type": "Feature",
      "geometry": {
        "type": "Point",
        "coordinates": [
          -75.83333333333333,
          4.583333333333333
        ]
      },
      "properties": {
        "u_ms": 0.0972,
        "v_ms": -0.1099,
        "rapidez_ms": 0.1467,
        "direccion_grados": 318.51,
        "label": "0.15 m/s"
      }
    },
    {
      "type": "Feature",
      "geometry": {
        "type": "Point",
        "coordinates": [
          -75.75,
          4.583333333333333
        ]
      },
      "properties": {
        "u_ms": -0.0992,
        "v_ms": -0.0832,
        "rapidez_ms": 0.1294,
        "direccion_grados": 50.03,
        "label": "0.13 m/s"
      }
    },
    {
      "type": "Feature",
      "geometry": {
        "type": "Point",
        "coordinates": [
          -75.66666666666667,
          4.583333333333333
        ]
      },
      "properties": {
        "u_ms": -0.277,
        "v_ms": -0.0276,
        "rapidez_ms": 0.2784,
        "direccion_grados": 84.31,
        "label": "0.28 m/s"
      }
    },
    {
      "type": "Feature",
      "geometry": {
        "type": "Point",
        "coordinates": [
          -75.58333333333333,
          4.583333333333333
        ]
      },
      "properties": {
        "u_ms": -0.4548,
        "v_ms": 0.028,
        "rapidez_ms": 0.4557,
        "direccion_grados": 93.52,
        "label": "0.46 m/s"
      }
    },
    {
      "type": "Feature",
      "geometry": {
        "type": "Point",
        "coordinates": [
          -75.5,
          4.583333333333333
        ]
      },
      "properties": {
        "u_ms": -0.6326,
        "v_ms": 0.0836,
        "rapidez_ms": 0.6381,
        "direccion_grados": 97.52,
        "label": "0.64 m/s"
      }
    },
    {
      "type": "Feature",
      "geometry": {
        "type": "Point",
        "coordinates": [
          -75.41666666666667,
          4.583333333333333
        ]
      },
      "properties": {
        "u_ms": -0.6662,
        "v_ms": 0.0977,
        "rapidez_ms": 0.6733,
        "direccion_grados": 98.34,
        "label": "0.67 m/s"
      }
    },
    {
      "type": "Feature",
      "geometry": {
        "type": "Point",
        "coordinates": [
          -75.33333333333333,
          4.583333333333333
        ]
      },
      "properties": {
        "u_ms": -0.6997,
        "v_ms": 0.1118,
        "rapidez_ms": 0.7086,
        "direccion_grados": 99.08,
        "label": "0.71 m/s"
      }
    },
    {
      "type": "Feature",
      "geometry": {
        "type": "Point",
        "coordinates": [
          -75.25,
          4.583333333333333
        ]
      },
      "properties": {
        "u_ms": -0.7333,
        "v_ms": 0.126,
        "rapidez_ms": 0.744,
        "direccion_grados": 99.75,
        "label": "0.74 m/s"
      }
    },
    {
      "type": "Feature",
      "geometry": {
        "type": "Point",
        "coordinates": [
          -75.16666666666667,
          4.583333333333333
        ]
      },
      "properties": {
        "u_ms": -0.6562,
        "v_ms": 0.1111,
        "rapidez_ms": 0.6655,
        "direccion_grados": 99.61,
        "label": "0.67 m/s"
      }
    },
    {
      "type": "Feature",
      "geometry": {
        "type": "Point",
        "coordinates": [
          -75.08333333333333,
          4.583333333333333
        ]
      },
      "properties": {
        "u_ms": -0.579,
        "v_ms": 0.0962,
        "rapidez_ms": 0.5869,
        "direccion_grados": 99.43,
        "label": "0.59 m/s"
      }
    },
    {
      "type": "Feature",
      "geometry": {
        "type": "Point",
        "coordinates": [
          -75.0,
          4.583333333333333
        ]
      },
      "properties": {
        "u_ms": -0.5019,
        "v_ms": 0.0812,
        "rapidez_ms": 0.5084,
        "direccion_grados": 99.2,
        "label": "0.51 m/s"
      }
    },
    {
      "type": "Feature",
      "geometry": {
        "type": "Point",
        "coordinates": [
          -76.5,
          4.666666666666667
        ]
      },
      "properties": {
        "u_ms": 0.5362,
        "v_ms": 0.352,
        "rapidez_ms": 0.6415,
        "direccion_grados": 236.72,
        "label": "0.64 m/s"
      }
    },
    {
      "type": "Feature",
      "geometry": {
        "type": "Point",
        "coordinates": [
          -76.41666666666667,
          4.666666666666667
        ]
      },
      "properties": {
        "u_ms": 0.6272,
        "v_ms": 0.2588,
        "rapidez_ms": 0.6785,
        "direccion_grados": 247.58,
        "label": "0.68 m/s"
      }
    },
    {
      "type": "Feature",
      "geometry": {
        "type": "Point",
        "coordinates": [
          -76.33333333333333,
          4.666666666666667
        ]
      },
      "properties": {
        "u_ms": 0.7182,
        "v_ms": 0.1657,
        "rapidez_ms": 0.7371,
        "direccion_grados": 257.01,
        "label": "0.74 m/s"
      }
    },
    {
      "type": "Feature",
      "geometry": {
        "type": "Point",
        "coordinates": [
          -76.25,
          4.666666666666667
        ]
      },
      "properties": {
        "u_ms": 0.8092,
        "v_ms": 0.0725,
        "rapidez_ms": 0.8125,
        "direccion_grados": 264.88,
        "label": "0.81 m/s"
      }
    },
    {
      "type": "Feature",
      "geometry": {
        "type": "Point",
        "coordinates": [
          -76.16666666666667,
          4.666666666666667
        ]
      },
      "properties": {
        "u_ms": 0.7123,
        "v_ms": 0.0155,
        "rapidez_ms": 0.7125,
        "direccion_grados": 268.75,
        "label": "0.71 m/s"
      }
    },
    {
      "type": "Feature",
      "geometry": {
        "type": "Point",
        "coordinates": [
          -76.08333333333333,
          4.666666666666667
        ]
      },
      "properties": {
        "u_ms": 0.6154,
        "v_ms": -0.0414,
        "rapidez_ms": 0.6168,
        "direccion_grados": 273.85,
        "label": "0.62 m/s"
      }
    },
    {
      "type": "Feature",
      "geometry": {
        "type": "Point",
        "coordinates": [
          -76.0,
          4.666666666666667
        ]
      },
      "properties": {
        "u_ms": 0.5185,
        "v_ms": -0.0983,
        "rapidez_ms": 0.5278,
        "direccion_grados": 280.73,
        "label": "0.53 m/s"
      }
    },
    {
      "type": "Feature",
      "geometry": {
        "type": "Point",
        "coordinates": [
          -75.91666666666667,
          4.666666666666667
        ]
      },
      "properties": {
        "u_ms": 0.3512,
        "v_ms": -0.1036,
        "rapidez_ms": 0.3661,
        "direccion_grados": 286.44,
        "label": "0.37 m/s"
      }
    },
    {
      "type": "Feature",
      "geometry": {
        "type": "Point",
        "coordinates": [
          -75.83333333333333,
          4.666666666666667
        ]
      },
      "properties": {
        "u_ms": 0.1838,
        "v_ms": -0.1089,
        "rapidez_ms": 0.2137,
        "direccion_grados": 300.64,
        "label": "0.21 m/s"
      }
    },
    {
      "type": "Feature",
      "geometry": {
        "type": "Point",
        "coordinates": [
          -75.75,
          4.666666666666667
        ]
      },
      "properties": {
        "u_ms": 0.0165,
        "v_ms": -0.1142,
        "rapidez_ms": 0.1154,
        "direccion_grados": 351.79,
        "label": "0.12 m/s"
      }
    },
    {
      "type": "Feature",
      "geometry": {
        "type": "Point",
        "coordinates": [
          -75.66666666666667,
          4.666666666666667
        ]
      },
      "properties": {
        "u_ms": -0.165,
        "v_ms": -0.0564,
        "rapidez_ms": 0.1744,
        "direccion_grados": 71.13,
        "label": "0.17 m/s"
      }
    },
    {
      "type": "Feature",
      "geometry": {
        "type": "Point",
        "coordinates": [
          -75.58333333333333,
          4.666666666666667
        ]
      },
      "properties": {
        "u_ms": -0.3466,
        "v_ms": 0.0014,
        "rapidez_ms": 0.3466,
        "direccion_grados": 90.23,
        "label": "0.35 m/s"
      }
    },
    {
      "type": "Feature",
      "geometry": {
        "type": "Point",
        "coordinates": [
          -75.5,
          4.666666666666667
        ]
      },
      "properties": {
        "u_ms": -0.5281,
        "v_ms": 0.0592,
        "rapidez_ms": 0.5314,
        "direccion_grados": 96.39,
        "label": "0.53 m/s"
      }
    },
    {
      "type": "Feature",
      "geometry": {
        "type": "Point",
        "coordinates": [
          -75.41666666666667,
          4.666666666666667
        ]
      },
      "properties": {
        "u_ms": -0.5871,
        "v_ms": 0.1123,
        "rapidez_ms": 0.5978,
        "direccion_grados": 100.83,
        "label": "0.60 m/s"
      }
    },
    {
      "type": "Feature",
      "geometry": {
        "type": "Point",
        "coordinates": [
          -75.33333333333333,
          4.666666666666667
        ]
      },
      "properties": {
        "u_ms": -0.6462,
        "v_ms": 0.1654,
        "rapidez_ms": 0.667,
        "direccion_grados": 104.36,
        "label": "0.67 m/s"
      }
    },
    {
      "type": "Feature",
      "geometry": {
        "type": "Point",
        "coordinates": [
          -75.25,
          4.666666666666667
        ]
      },
      "properties": {
        "u_ms": -0.7052,
        "v_ms": 0.2186,
        "rapidez_ms": 0.7383,
        "direccion_grados": 107.22,
        "label": "0.74 m/s"
      }
    },
    {
      "type": "Feature",
      "geometry": {
        "type": "Point",
        "coordinates": [
          -75.16666666666667,
          4.666666666666667
        ]
      },
      "properties": {
        "u_ms": -0.6246,
        "v_ms": 0.2043,
        "rapidez_ms": 0.6572,
        "direccion_grados": 108.11,
        "label": "0.66 m/s"
      }
    },
    {
      "type": "Feature",
      "geometry": {
        "type": "Point",
        "coordinates": [
          -75.08333333333333,
          4.666666666666667
        ]
      },
      "properties": {
        "u_ms": -0.544,
        "v_ms": 0.19,
        "rapidez_ms": 0.5762,
        "direccion_grados": 109.25,
        "label": "0.58 m/s"
      }
    },
    {
      "type": "Feature",
      "geometry": {
        "type": "Point",
        "coordinates": [
          -75.0,
          4.666666666666667
        ]
      },
      "properties": {
        "u_ms": -0.4634,
        "v_ms": 0.1757,
        "rapidez_ms": 0.4956,
        "direccion_grados": 110.77,
        "label": "0.50 m/s"
      }
    },
    {
      "type": "Feature",
      "geometry": {
        "type": "Point",
        "coordinates": [
          -76.5,
          4.75
        ]
      },
      "properties": {
        "u_ms": 0.4626,
        "v_ms": 0.4348,
        "rapidez_ms": 0.6348,
        "direccion_grados": 226.77,
        "label": "0.63 m/s"
      }
    },
    {
      "type": "Feature",
      "geometry": {
        "type": "Point",
        "coordinates": [
          -76.41666666666667,
          4.75
        ]
      },
      "properties": {
        "u_ms": 0.5673,
        "v_ms": 0.3417,
        "rapidez_ms": 0.6623,
        "direccion_grados": 238.94,
        "label": "0.66 m/s"
      }
    },
    {
      "type": "Feature",
      "geometry": {
        "type": "Point",
        "coordinates": [
          -76.33333333333333,
          4.75
        ]
      },
      "properties": {
        "u_ms": 0.672,
        "v_ms": 0.2486,
        "rapidez_ms": 0.7165,
        "direccion_grados": 249.7,
        "label": "0.72 m/s"
      }
    },
    {
      "type": "Feature",
      "geometry": {
        "type": "Point",
        "coordinates": [
          -76.25,
          4.75
        ]
      },
      "properties": {
        "u_ms": 0.7768,
        "v_ms": 0.1555,
        "rapidez_ms": 0.7922,
        "direccion_grados": 258.68,
        "label": "0.79 m/s"
      }
    },
    {
      "type": "Feature",
      "geometry": {
        "type": "Point",
        "coordinates": [
          -76.16666666666667,
          4.75
        ]
      },
      "properties": {
        "u_ms": 0.7002,
        "v_ms": 0.0926,
        "rapidez_ms": 0.7063,
        "direccion_grados": 262.47,
        "label": "0.71 m/s"
      }
    },
    {
      "type": "Feature",
      "geometry": {
        "type": "Point",
        "coordinates": [
          -76.08333333333333,
          4.75
        ]
      },
      "properties": {
        "u_ms": 0.6237,
        "v_ms": 0.0297,
        "rapidez_ms": 0.6244,
        "direccion_grados": 267.28,
        "label": "0.62 m/s"
      }
    },
    {
      "type": "Feature",
      "geometry": {
        "type": "Point",
        "coordinates": [
          -76.0,
          4.75
        ]
      },
      "properties": {
        "u_ms": 0.5471,
        "v_ms": -0.0332,
        "rapidez_ms": 0.5481,
        "direccion_grados": 273.48,
        "label": "0.55 m/s"
      }
    },
    {
      "type": "Feature",
      "geometry": {
        "type": "Point",
        "coordinates": [
          -75.91666666666667,
          4.75
        ]
      },
      "properties": {
        "u_ms": 0.4088,
        "v_ms": -0.0706,
        "rapidez_ms": 0.4148,
        "direccion_grados": 279.79,
        "label": "0.41 m/s"
      }
    },
    {
      "type": "Feature",
      "geometry": {
        "type": "Point",
        "coordinates": [
          -75.83333333333333,
          4.75
        ]
      },
      "properties": {
        "u_ms": 0.2705,
        "v_ms": -0.1079,
        "rapidez_ms": 0.2912,
        "direccion_grados": 291.75,
        "label": "0.29 m/s"
      }
    },
    {
      "type": "Feature",
      "geometry": {
        "type": "Point",
        "coordinates": [
          -75.75,
          4.75
        ]
      },
      "properties": {
        "u_ms": 0.1322,
        "v_ms": -0.1452,
        "rapidez_ms": 0.1964,
        "direccion_grados": 317.7,
        "label": "0.20 m/s"
      }
    },
    {
      "type": "Feature",
      "geometry": {
        "type": "Point",
        "coordinates": [
          -75.66666666666667,
          4.75
        ]
      },
      "properties": {
        "u_ms": -0.0531,
        "v_ms": -0.0852,
        "rapidez_ms": 0.1004,
        "direccion_grados": 31.93,
        "label": "0.10 m/s"
      }
    },
    {
      "type": "Feature",
      "geometry": {
        "type": "Point",
        "coordinates": [
          -75.58333333333333,
          4.75
        ]
      },
      "properties": {
        "u_ms": -0.2384,
        "v_ms": -0.0252,
        "rapidez_ms": 0.2397,
        "direccion_grados": 83.97,
        "label": "0.24 m/s"
      }
    },
    {
      "type": "Feature",
      "geometry": {
        "type": "Point",
        "coordinates": [
          -75.5,
          4.75
        ]
      },
      "properties": {
        "u_ms": -0.4236,
        "v_ms": 0.0348,
        "rapidez_ms": 0.425,
        "direccion_grados": 94.7,
        "label": "0.43 m/s"
      }
    },
    {
      "type": "Feature",
      "geometry": {
        "type": "Point",
        "coordinates": [
          -75.41666666666667,
          4.75
        ]
      },
      "properties": {
        "u_ms": -0.5081,
        "v_ms": 0.1269,
        "rapidez_ms": 0.5238,
        "direccion_grados": 104.03,
        "label": "0.52 m/s"
      }
    },
    {
      "type": "Feature",
      "geometry": {
        "type": "Point",
        "coordinates": [
          -75.33333333333333,
          4.75
        ]
      },
      "properties": {
        "u_ms": -0.5927,
        "v_ms": 0.2191,
        "rapidez_ms": 0.6319,
        "direccion_grados": 110.29,
        "label": "0.63 m/s"
      }
    },
    {
      "type": "Feature",
      "geometry": {
        "type": "Point",
        "coordinates": [
          -75.25,
          4.75
        ]
      },
      "properties": {
        "u_ms": -0.6772,
        "v_ms": 0.3112,
        "rapidez_ms": 0.7453,
        "direccion_grados": 114.68,
        "label": "0.75 m/s"
      }
    },
    {
      "type": "Feature",
      "geometry": {
        "type": "Point",
        "coordinates": [
          -75.16666666666667,
          4.75
        ]
      },
      "properties": {
        "u_ms": -0.5931,
        "v_ms": 0.2975,
        "rapidez_ms": 0.6635,
        "direccion_grados": 116.64,
        "label": "0.66 m/s"
      }
    },
    {
      "type": "Feature",
      "geometry": {
        "type": "Point",
        "coordinates": [
          -75.08333333333333,
          4.75
        ]
      },
      "properties": {
        "u_ms": -0.5089,
        "v_ms": 0.2838,
        "rapidez_ms": 0.5827,
        "direccion_grados": 119.15,
        "label": "0.58 m/s"
      }
    },
    {
      "type": "Feature",
      "geometry": {
        "type": "Point",
        "coordinates": [
          -75.0,
          4.75
        ]
      },
      "properties": {
        "u_ms": -0.4248,
        "v_ms": 0.2702,
        "rapidez_ms": 0.5035,
        "direccion_grados": 122.45,
        "label": "0.50 m/s"
      }
    },
    {
      "type": "Feature",
      "geometry": {
        "type": "Point",
        "coordinates": [
          -76.5,
          4.833333333333333
        ]
      },
      "properties": {
        "u_ms": 0.3528,
        "v_ms": 0.4569,
        "rapidez_ms": 0.5773,
        "direccion_grados": 217.67,
        "label": "0.58 m/s"
      }
    },
    {
      "type": "Feature",
      "geometry": {
        "type": "Point",
        "coordinates": [
          -76.41666666666667,
          4.833333333333333
        ]
      },
      "properties": {
        "u_ms": 0.4728,
        "v_ms": 0.345,
        "rapidez_ms": 0.5853,
        "direccion_grados": 233.88,
        "label": "0.59 m/s"
      }
    },
    {
      "type": "Feature",
      "geometry": {
        "type": "Point",
        "coordinates": [
          -76.33333333333333,
          4.833333333333333
        ]
      },
      "properties": {
        "u_ms": 0.5927,
        "v_ms": 0.2331,
        "rapidez_ms": 0.6369,
        "direccion_grados": 248.53,
        "label": "0.64 m/s"
      }
    },
    {
      "type": "Feature",
      "geometry": {
        "type": "Point",
        "coordinates": [
          -76.25,
          4.833333333333333
        ]
      },
      "properties": {
        "u_ms": 0.7127,
        "v_ms": 0.1212,
        "rapidez_ms": 0.723,
        "direccion_grados": 260.35,
        "label": "0.72 m/s"
      }
    },
    {
      "type": "Feature",
      "geometry": {
        "type": "Point",
        "coordinates": [
          -76.16666666666667,
          4.833333333333333
        ]
      },
      "properties": {
        "u_ms": 0.6671,
        "v_ms": 0.0412,
        "rapidez_ms": 0.6684,
        "direccion_grados": 266.47,
        "label": "0.67 m/s"
      }
    },
    {
      "type": "Feature",
      "geometry": {
        "type": "Point",
        "coordinates": [
          -76.08333333333333,
          4.833333333333333
        ]
      },
      "properties": {
        "u_ms": 0.6215,
        "v_ms": -0.0388,
        "rapidez_ms": 0.6227,
        "direccion_grados": 273.58,
        "label": "0.62 m/s"
      }
    },
    {
      "type": "Feature",
      "geometry": {
        "type": "Point",
        "coordinates": [
          -76.0,
          4.833333333333333
        ]
      },
      "properties": {
        "u_ms": 0.5759,
        "v_ms": -0.1189,
        "rapidez_ms": 0.588,
        "direccion_grados": 281.66,
        "label": "0.59 m/s"
      }
    },
    {
      "type": "Feature",
      "geometry": {
        "type": "Point",
        "coordinates": [
          -75.91666666666667,
          4.833333333333333
        ]
      },
      "properties": {
        "u_ms": 0.445,
        "v_ms": -0.1486,
        "rapidez_ms": 0.4691,
        "direccion_grados": 288.46,
        "label": "0.47 m/s"
      }
    },
    {
      "type": "Feature",
      "geometry": {
        "type": "Point",
        "coordinates": [
          -75.83333333333333,
          4.833333333333333
        ]
      },
      "properties": {
        "u_ms": 0.3141,
        "v_ms": -0.1782,
        "rapidez_ms": 0.3612,
        "direccion_grados": 299.57,
        "label": "0.36 m/s"
      }
    },
    {
      "type": "Feature",
      "geometry": {
        "type": "Point",
        "coordinates": [
          -75.75,
          4.833333333333333
        ]
      },
      "properties": {
        "u_ms": 0.1833,
        "v_ms": -0.2079,
        "rapidez_ms": 0.2772,
        "direccion_grados": 318.6,
        "label": "0.28 m/s"
      }
    },
    {
      "type": "Feature",
      "geometry": {
        "type": "Point",
        "coordinates": [
          -75.66666666666667,
          4.833333333333333
        ]
      },
      "properties": {
        "u_ms": -0.023,
        "v_ms": -0.1295,
        "rapidez_ms": 0.1315,
        "direccion_grados": 10.07,
        "label": "0.13 m/s"
      }
    },
    {
      "type": "Feature",
      "geometry": {
        "type": "Point",
        "coordinates": [
          -75.58333333333333,
          4.833333333333333
        ]
      },
      "properties": {
        "u_ms": -0.2293,
        "v_ms": -0.051,
        "rapidez_ms": 0.2349,
        "direccion_grados": 77.46,
        "label": "0.23 m/s"
      }
    },
    {
      "type": "Feature",
      "geometry": {
        "type": "Point",
        "coordinates": [
          -75.5,
          4.833333333333333
        ]
      },
      "properties": {
        "u_ms": -0.4356,
        "v_ms": 0.0275,
        "rapidez_ms": 0.4364,
        "direccion_grados": 93.61,
        "label": "0.44 m/s"
      }
    },
    {
      "type": "Feature",
      "geometry": {
        "type": "Point",
        "coordinates": [
          -75.41666666666667,
          4.833333333333333
        ]
      },
      "properties": {
        "u_ms": -0.5225,
        "v_ms": 0.1206,
        "rapidez_ms": 0.5362,
        "direccion_grados": 103.0,
        "label": "0.54 m/s"
      }
    },
    {
      "type": "Feature",
      "geometry": {
        "type": "Point",
        "coordinates": [
          -75.33333333333333,
          4.833333333333333
        ]
      },
      "properties": {
        "u_ms": -0.6094,
        "v_ms": 0.2138,
        "rapidez_ms": 0.6458,
        "direccion_grados": 109.33,
        "label": "0.65 m/s"
      }
    },
    {
      "type": "Feature",
      "geometry": {
        "type": "Point",
        "coordinates": [
          -75.25,
          4.833333333333333
        ]
      },
      "properties": {
        "u_ms": -0.6964,
        "v_ms": 0.3069,
        "rapidez_ms": 0.761,
        "direccion_grados": 113.78,
        "label": "0.76 m/s"
      }
    },
    {
      "type": "Feature",
      "geometry": {
        "type": "Point",
        "coordinates": [
          -75.16666666666667,
          4.833333333333333
        ]
      },
      "properties": {
        "u_ms": -0.5646,
        "v_ms": 0.3071,
        "rapidez_ms": 0.6428,
        "direccion_grados": 118.54,
        "label": "0.64 m/s"
      }
    },
    {
      "type": "Feature",
      "geometry": {
        "type": "Point",
        "coordinates": [
          -75.08333333333333,
          4.833333333333333
        ]
      },
      "properties": {
        "u_ms": -0.4329,
        "v_ms": 0.3074,
        "rapidez_ms": 0.5309,
        "direccion_grados": 125.38,
        "label": "0.53 m/s"
      }
    },
    {
      "type": "Feature",
      "geometry": {
        "type": "Point",
        "coordinates": [
          -75.0,
          4.833333333333333
        ]
      },
      "properties": {
        "u_ms": -0.3012,
        "v_ms": 0.3076,
        "rapidez_ms": 0.4305,
        "direccion_grados": 135.61,
        "label": "0.43 m/s"
      }
    },
    {
      "type": "Feature",
      "geometry": {
        "type": "Point",
        "coordinates": [
          -76.5,
          4.916666666666667
        ]
      },
      "properties": {
        "u_ms": 0.243,
        "v_ms": 0.4791,
        "rapidez_ms": 0.5372,
        "direccion_grados": 206.9,
        "label": "0.54 m/s"
      }
    },
    {
      "type": "Feature",
      "geometry": {
        "type": "Point",
        "coordinates": [
          -76.41666666666667,
          4.916666666666667
        ]
      },
      "properties": {
        "u_ms": 0.3782,
        "v_ms": 0.3484,
        "rapidez_ms": 0.5142,
        "direccion_grados": 227.35,
        "label": "0.51 m/s"
      }
    },
    {
      "type": "Feature",
      "geometry": {
        "type": "Point",
        "coordinates": [
          -76.33333333333333,
          4.916666666666667
        ]
      },
      "properties": {
        "u_ms": 0.5134,
        "v_ms": 0.2177,
        "rapidez_ms": 0.5577,
        "direccion_grados": 247.02,
        "label": "0.56 m/s"
      }
    },
    {
      "type": "Feature",
      "geometry": {
        "type": "Point",
        "coordinates": [
          -76.25,
          4.916666666666667
        ]
      },
      "properties": {
        "u_ms": 0.6487,
        "v_ms": 0.087,
        "rapidez_ms": 0.6545,
        "direccion_grados": 262.36,
        "label": "0.65 m/s"
      }
    },
    {
      "type": "Feature",
      "geometry": {
        "type": "Point",
        "coordinates": [
          -76.16666666666667,
          4.916666666666667
        ]
      },
      "properties": {
        "u_ms": 0.634,
        "v_ms": -0.0102,
        "rapidez_ms": 0.6341,
        "direccion_grados": 270.92,
        "label": "0.63 m/s"
      }
    },
    {
      "type": "Feature",
      "geometry": {
        "type": "Point",
        "coordinates": [
          -76.08333333333333,
          4.916666666666667
        ]
      },
      "properties": {
        "u_ms": 0.6193,
        "v_ms": -0.1074,
        "rapidez_ms": 0.6285,
        "direccion_grados": 279.83,
        "label": "0.63 m/s"
      }
    },
    {
      "type": "Feature",
      "geometry": {
        "type": "Point",
        "coordinates": [
          -76.0,
          4.916666666666667
        ]
      },
      "properties": {
        "u_ms": 0.6046,
        "v_ms": -0.2045,
        "rapidez_ms": 0.6383,
        "direccion_grados": 288.69,
        "label": "0.64 m/s"
      }
    },
    {
      "type": "Feature",
      "geometry": {
        "type": "Point",
        "coordinates": [
          -75.91666666666667,
          4.916666666666667
        ]
      },
      "properties": {
        "u_ms": 0.4812,
        "v_ms": -0.2266,
        "rapidez_ms": 0.5319,
        "direccion_grados": 295.21,
        "label": "0.53 m/s"
      }
    },
    {
      "type": "Feature",
      "geometry": {
        "type": "Point",
        "coordinates": [
          -75.83333333333333,
          4.916666666666667
        ]
      },
      "properties": {
        "u_ms": 0.3578,
        "v_ms": -0.2486,
        "rapidez_ms": 0.4357,
        "direccion_grados": 304.79,
        "label": "0.44 m/s"
      }
    },
    {
      "type": "Feature",
      "geometry": {
        "type": "Point",
        "coordinates": [
          -75.75,
          4.916666666666667
        ]
      },
      "properties": {
        "u_ms": 0.2344,
        "v_ms": -0.2706,
        "rapidez_ms": 0.358,
        "direccion_grados": 319.1,
        "label": "0.36 m/s"
      }
    },
    {
      "type": "Feature",
      "geometry": {
        "type": "Point",
        "coordinates": [
          -75.66666666666667,
          4.916666666666667
        ]
      },
      "properties": {
        "u_ms": 0.0071,
        "v_ms": -0.1737,
        "rapidez_ms": 0.1738,
        "direccion_grados": 357.66,
        "label": "0.17 m/s"
      }
    },
    {
      "type": "Feature",
      "geometry": {
        "type": "Point",
        "coordinates": [
          -75.58333333333333,
          4.916666666666667
        ]
      },
      "properties": {
        "u_ms": -0.2202,
        "v_ms": -0.0768,
        "rapidez_ms": 0.2332,
        "direccion_grados": 70.78,
        "label": "0.23 m/s"
      }
    },
    {
      "type": "Feature",
      "geometry": {
        "type": "Point",
        "coordinates": [
          -75.5,
          4.916666666666667
        ]
      },
      "properties": {
        "u_ms": -0.4475,
        "v_ms": 0.0202,
        "rapidez_ms": 0.448,
        "direccion_grados": 92.58,
        "label": "0.45 m/s"
      }
    },
    {
      "type": "Feature",
      "geometry": {
        "type": "Point",
        "coordinates": [
          -75.41666666666667,
          4.916666666666667
        ]
      },
      "properties": {
        "u_ms": -0.5369,
        "v_ms": 0.1143,
        "rapidez_ms": 0.5489,
        "direccion_grados": 102.02,
        "label": "0.55 m/s"
      }
    },
    {
      "type": "Feature",
      "geometry": {
        "type": "Point",
        "coordinates": [
          -75.33333333333333,
          4.916666666666667
        ]
      },
      "properties": {
        "u_ms": -0.6262,
        "v_ms": 0.2085,
        "rapidez_ms": 0.66,
        "direccion_grados": 108.41,
        "label": "0.66 m/s"
      }
    },
    {
      "type": "Feature",
      "geometry": {
        "type": "Point",
        "coordinates": [
          -75.25,
          4.916666666666667
        ]
      },
      "properties": {
        "u_ms": -0.7156,
        "v_ms": 0.3026,
        "rapidez_ms": 0.7769,
        "direccion_grados": 112.92,
        "label": "0.78 m/s"
      }
    },
    {
      "type": "Feature",
      "geometry": {
        "type": "Point",
        "coordinates": [
          -75.16666666666667,
          4.916666666666667
        ]
      },
      "properties": {
        "u_ms": -0.5362,
        "v_ms": 0.3168,
        "rapidez_ms": 0.6228,
        "direccion_grados": 120.57,
        "label": "0.62 m/s"
      }
    },
    {
      "type": "Feature",
      "geometry": {
        "type": "Point",
        "coordinates": [
          -75.08333333333333,
          4.916666666666667
        ]
      },
      "properties": {
        "u_ms": -0.3568,
        "v_ms": 0.3309,
        "rapidez_ms": 0.4867,
        "direccion_grados": 132.84,
        "label": "0.49 m/s"
      }
    },
    {
      "type": "Feature",
      "geometry": {
        "type": "Point",
        "coordinates": [
          -75.0,
          4.916666666666667
        ]
      },
      "properties": {
        "u_ms": -0.1775,
        "v_ms": 0.3451,
        "rapidez_ms": 0.388,
        "direccion_grados": 152.78,
        "label": "0.39 m/s"
      }
    },
    {
      "type": "Feature",
      "geometry": {
        "type": "Point",
        "coordinates": [
          -76.5,
          5.0
        ]
      },
      "properties": {
        "u_ms": 0.1332,
        "v_ms": 0.5013,
        "rapidez_ms": 0.5187,
        "direccion_grados": 194.88,
        "label": "0.52 m/s"
      }
    },
    {
      "type": "Feature",
      "geometry": {
        "type": "Point",
        "coordinates": [
          -76.41666666666667,
          5.0
        ]
      },
      "properties": {
        "u_ms": 0.2837,
        "v_ms": 0.3518,
        "rapidez_ms": 0.4519,
        "direccion_grados": 218.89,
        "label": "0.45 m/s"
      }
    },
    {
      "type": "Feature",
      "geometry": {
        "type": "Point",
        "coordinates": [
          -76.33333333333333,
          5.0
        ]
      },
      "properties": {
        "u_ms": 0.4341,
        "v_ms": 0.2022,
        "rapidez_ms": 0.4789,
        "direccion_grados": 245.02,
        "label": "0.48 m/s"
      }
    },
    {
      "type": "Feature",
      "geometry": {
        "type": "Point",
        "coordinates": [
          -76.25,
          5.0
        ]
      },
      "properties": {
        "u_ms": 0.5846,
        "v_ms": 0.0527,
        "rapidez_ms": 0.587,
        "direccion_grados": 264.85,
        "label": "0.59 m/s"
      }
    },
    {
      "type": "Feature",
      "geometry": {
        "type": "Point",
        "coordinates": [
          -76.16666666666667,
          5.0
        ]
      },
      "properties": {
        "u_ms": 0.6008,
        "v_ms": -0.0616,
        "rapidez_ms": 0.604,
        "direccion_grados": 275.85,
        "label": "0.60 m/s"
      }
    },
    {
      "type": "Feature",
      "geometry": {
        "type": "Point",
        "coordinates": [
          -76.08333333333333,
          5.0
        ]
      },
      "properties": {
        "u_ms": 0.6171,
        "v_ms": -0.1759,
        "rapidez_ms": 0.6417,
        "direccion_grados": 285.91,
        "label": "0.64 m/s"
      }
    },
    {
      "type": "Feature",
      "geometry": {
        "type": "Point",
        "coordinates": [
          -76.0,
          5.0
        ]
      },
      "properties": {
        "u_ms": 0.6333,
        "v_ms": -0.2902,
        "rapidez_ms": 0.6967,
        "direccion_grados": 294.61,
        "label": "0.70 m/s"
      }
    },
    {
      "type": "Feature",
      "geometry": {
        "type": "Point",
        "coordinates": [
          -75.91666666666667,
          5.0
        ]
      },
      "properties": {
        "u_ms": 0.5174,
        "v_ms": -0.3046,
        "rapidez_ms": 0.6004,
        "direccion_grados": 300.48,
        "label": "0.60 m/s"
      }
    },
    {
      "type": "Feature",
      "geometry": {
        "type": "Point",
        "coordinates": [
          -75.83333333333333,
          5.0
        ]
      },
      "properties": {
        "u_ms": 0.4015,
        "v_ms": -0.3189,
        "rapidez_ms": 0.5127,
        "direccion_grados": 308.46,
        "label": "0.51 m/s"
      }
    },
    {
      "type": "Feature",
      "geometry": {
        "type": "Point",
        "coordinates": [
          -75.75,
          5.0
        ]
      },
      "properties": {
        "u_ms": 0.2855,
        "v_ms": -0.3333,
        "rapidez_ms": 0.4389,
        "direccion_grados": 319.42,
        "label": "0.44 m/s"
      }
    },
    {
      "type": "Feature",
      "geometry": {
        "type": "Point",
        "coordinates": [
          -75.66666666666667,
          5.0
        ]
      },
      "properties": {
        "u_ms": 0.0372,
        "v_ms": -0.2179,
        "rapidez_ms": 0.2211,
        "direccion_grados": 350.31,
        "label": "0.22 m/s"
      }
    },
    {
      "type": "Feature",
      "geometry": {
        "type": "Point",
        "coordinates": [
          -75.58333333333333,
          5.0
        ]
      },
      "properties": {
        "u_ms": -0.2111,
        "v_ms": -0.1026,
        "rapidez_ms": 0.2347,
        "direccion_grados": 64.09,
        "label": "0.23 m/s"
      }
    },
    {
      "type": "Feature",
      "geometry": {
        "type": "Point",
        "coordinates": [
          -75.5,
          5.0
        ]
      },
      "properties": {
        "u_ms": -0.4594,
        "v_ms": 0.0128,
        "rapidez_ms": 0.4596,
        "direccion_grados": 91.6,
        "label": "0.46 m/s"
      }
    },
    {
      "type": "Feature",
      "geometry": {
        "type": "Point",
        "coordinates": [
          -75.41666666666667,
          5.0
        ]
      },
      "properties": {
        "u_ms": -0.5512,
        "v_ms": 0.108,
        "rapidez_ms": 0.5617,
        "direccion_grados": 101.09,
        "label": "0.56 m/s"
      }
    },
    {
      "type": "Feature",
      "geometry": {
        "type": "Point",
        "coordinates": [
          -75.33333333333333,
          5.0
        ]
      },
      "properties": {
        "u_ms": -0.643,
        "v_ms": 0.2032,
        "rapidez_ms": 0.6743,
        "direccion_grados": 107.54,
        "label": "0.67 m/s"
      }
    },
    {
      "type": "Feature",
      "geometry": {
        "type": "Point",
        "coordinates": [
          -75.25,
          5.0
        ]
      },
      "properties": {
        "u_ms": -0.7348,
        "v_ms": 0.2984,
        "rapidez_ms": 0.793,
        "direccion_grados": 112.1,
        "label": "0.79 m/s"
      }
    },
    {
      "type": "Feature",
      "geometry": {
        "type": "Point",
        "coordinates": [
          -75.16666666666667,
          5.0
        ]
      },
      "properties": {
        "u_ms": -0.5078,
        "v_ms": 0.3264,
        "rapidez_ms": 0.6036,
        "direccion_grados": 122.73,
        "label": "0.60 m/s"
      }
    },
    {
      "type": "Feature",
      "geometry": {
        "type": "Point",
        "coordinates": [
          -75.08333333333333,
          5.0
        ]
      },
      "properties": {
        "u_ms": -0.2808,
        "v_ms": 0.3545,
        "rapidez_ms": 0.4522,
        "direccion_grados": 141.61,
        "label": "0.45 m/s"
      }
    },
    {
      "type": "Feature",
      "geometry": {
        "type": "Point",
        "coordinates": [
          -75.0,
          5.0
        ]
      },
      "properties": {
        "u_ms": -0.0538,
        "v_ms": 0.3825,
        "rapidez_ms": 0.3863,
        "direccion_grados": 171.99,
        "label": "0.39 m/s"
      }
    },
    {
      "type": "Feature",
      "geometry": {
        "type": "Point",
        "coordinates": [
          -76.5,
          5.083333333333333
        ]
      },
      "properties": {
        "u_ms": 0.0877,
        "v_ms": 0.4408,
        "rapidez_ms": 0.4494,
        "direccion_grados": 191.25,
        "label": "0.45 m/s"
      }
    },
    {
      "type": "Feature",
      "geometry": {
        "type": "Point",
        "coordinates": [
          -76.41666666666667,
          5.083333333333333
        ]
      },
      "properties": {
        "u_ms": 0.2395,
        "v_ms": 0.2894,
        "rapidez_ms": 0.3757,
        "direccion_grados": 219.61,
        "label": "0.38 m/s"
      }
    },
    {
      "type": "Feature",
      "geometry": {
        "type": "Point",
        "coordinates": [
          -76.33333333333333,
          5.083333333333333
        ]
      },
      "properties": {
        "u_ms": 0.3914,
        "v_ms": 0.1381,
        "rapidez_ms": 0.415,
        "direccion_grados": 250.56,
        "label": "0.42 m/s"
      }
    },
    {
      "type": "Feature",
      "geometry": {
        "type": "Point",
        "coordinates": [
          -76.25,
          5.083333333333333
        ]
      },
      "properties": {
        "u_ms": 0.5432,
        "v_ms": -0.0132,
        "rapidez_ms": 0.5434,
        "direccion_grados": 271.39,
        "label": "0.54 m/s"
      }
    },
    {
      "type": "Feature",
      "geometry": {
        "type": "Point",
        "coordinates": [
          -76.16666666666667,
          5.083333333333333
        ]
      },
      "properties": {
        "u_ms": 0.5739,
        "v_ms": -0.1259,
        "rapidez_ms": 0.5876,
        "direccion_grados": 282.37,
        "label": "0.59 m/s"
      }
    },
    {
      "type": "Feature",
      "geometry": {
        "type": "Point",
        "coordinates": [
          -76.08333333333333,
          5.083333333333333
        ]
      },
      "properties": {
        "u_ms": 0.6046,
        "v_ms": -0.2385,
        "rapidez_ms": 0.65,
        "direccion_grados": 291.53,
        "label": "0.65 m/s"
      }
    },
    {
      "type": "Feature",
      "geometry": {
        "type": "Point",
        "coordinates": [
          -76.0,
          5.083333333333333
        ]
      },
      "properties": {
        "u_ms": 0.6354,
        "v_ms": -0.3512,
        "rapidez_ms": 0.726,
        "direccion_grados": 298.93,
        "label": "0.73 m/s"
      }
    },
    {
      "type": "Feature",
      "geometry": {
        "type": "Point",
        "coordinates": [
          -75.91666666666667,
          5.083333333333333
        ]
      },
      "properties": {
        "u_ms": 0.524,
        "v_ms": -0.3294,
        "rapidez_ms": 0.619,
        "direccion_grados": 302.15,
        "label": "0.62 m/s"
      }
    },
    {
      "type": "Feature",
      "geometry": {
        "type": "Point",
        "coordinates": [
          -75.83333333333333,
          5.083333333333333
        ]
      },
      "properties": {
        "u_ms": 0.4127,
        "v_ms": -0.3077,
        "rapidez_ms": 0.5148,
        "direccion_grados": 306.7,
        "label": "0.51 m/s"
      }
    },
    {
      "type": "Feature",
      "geometry": {
        "type": "Point",
        "coordinates": [
          -75.75,
          5.083333333333333
        ]
      },
      "properties": {
        "u_ms": 0.3014,
        "v_ms": -0.2859,
        "rapidez_ms": 0.4154,
        "direccion_grados": 313.48,
        "label": "0.42 m/s"
      }
    },
    {
      "type": "Feature",
      "geometry": {
        "type": "Point",
        "coordinates": [
          -75.66666666666667,
          5.083333333333333
        ]
      },
      "properties": {
        "u_ms": 0.0445,
        "v_ms": -0.1804,
        "rapidez_ms": 0.1858,
        "direccion_grados": 346.14,
        "label": "0.19 m/s"
      }
    },
    {
      "type": "Feature",
      "geometry": {
        "type": "Point",
        "coordinates": [
          -75.58333333333333,
          5.083333333333333
        ]
      },
      "properties": {
        "u_ms": -0.2124,
        "v_ms": -0.0749,
        "rapidez_ms": 0.2252,
        "direccion_grados": 70.58,
        "label": "0.23 m/s"
      }
    },
    {
      "type": "Feature",
      "geometry": {
        "type": "Point",
        "coordinates": [
          -75.5,
          5.083333333333333
        ]
      },
      "properties": {
        "u_ms": -0.4693,
        "v_ms": 0.0306,
        "rapidez_ms": 0.4703,
        "direccion_grados": 93.73,
        "label": "0.47 m/s"
      }
    },
    {
      "type": "Feature",
      "geometry": {
        "type": "Point",
        "coordinates": [
          -75.41666666666667,
          5.083333333333333
        ]
      },
      "properties": {
        "u_ms": -0.5734,
        "v_ms": 0.0998,
        "rapidez_ms": 0.582,
        "direccion_grados": 99.87,
        "label": "0.58 m/s"
      }
    },
    {
      "type": "Feature",
      "geometry": {
        "type": "Point",
        "coordinates": [
          -75.33333333333333,
          5.083333333333333
        ]
      },
      "properties": {
        "u_ms": -0.6775,
        "v_ms": 0.169,
        "rapidez_ms": 0.6982,
        "direccion_grados": 104.01,
        "label": "0.70 m/s"
      }
    },
    {
      "type": "Feature",
      "geometry": {
        "type": "Point",
        "coordinates": [
          -75.25,
          5.083333333333333
        ]
      },
      "properties": {
        "u_ms": -0.7816,
        "v_ms": 0.2382,
        "rapidez_ms": 0.8171,
        "direccion_grados": 106.95,
        "label": "0.82 m/s"
      }
    },
    {
      "type": "Feature",
      "geometry": {
        "type": "Point",
        "coordinates": [
          -75.16666666666667,
          5.083333333333333
        ]
      },
      "properties": {
        "u_ms": -0.5518,
        "v_ms": 0.2698,
        "rapidez_ms": 0.6142,
        "direccion_grados": 116.06,
        "label": "0.61 m/s"
      }
    },
    {
      "type": "Feature",
      "geometry": {
        "type": "Point",
        "coordinates": [
          -75.08333333333333,
          5.083333333333333
        ]
      },
      "properties": {
        "u_ms": -0.322,
        "v_ms": 0.3014,
        "rapidez_ms": 0.4411,
        "direccion_grados": 133.1,
        "label": "0.44 m/s"
      }
    },
    {
      "type": "Feature",
      "geometry": {
        "type": "Point",
        "coordinates": [
          -75.0,
          5.083333333333333
        ]
      },
      "properties": {
        "u_ms": -0.0922,
        "v_ms": 0.333,
        "rapidez_ms": 0.3455,
        "direccion_grados": 164.51,
        "label": "0.35 m/s"
      }
    },
    {
      "type": "Feature",
      "geometry": {
        "type": "Point",
        "coordinates": [
          -76.5,
          5.166666666666666
        ]
      },
      "properties": {
        "u_ms": 0.0421,
        "v_ms": 0.3803,
        "rapidez_ms": 0.3826,
        "direccion_grados": 186.31,
        "label": "0.38 m/s"
      }
    },
    {
      "type": "Feature",
      "geometry": {
        "type": "Point",
        "coordinates": [
          -76.41666666666667,
          5.166666666666666
        ]
      },
      "properties": {
        "u_ms": 0.1953,
        "v_ms": 0.2271,
        "rapidez_ms": 0.2996,
        "direccion_grados": 220.69,
        "label": "0.30 m/s"
      }
    },
    {
      "type": "Feature",
      "geometry": {
        "type": "Point",
        "coordinates": [
          -76.33333333333333,
          5.166666666666666
        ]
      },
      "properties": {
        "u_ms": 0.3486,
        "v_ms": 0.074,
        "rapidez_ms": 0.3563,
        "direccion_grados": 258.01,
        "label": "0.36 m/s"
      }
    },
    {
      "type": "Feature",
      "geometry": {
        "type": "Point",
        "coordinates": [
          -76.25,
          5.166666666666666
        ]
      },
      "properties": {
        "u_ms": 0.5018,
        "v_ms": -0.0791,
        "rapidez_ms": 0.508,
        "direccion_grados": 278.96,
        "label": "0.51 m/s"
      }
    },
    {
      "type": "Feature",
      "geometry": {
        "type": "Point",
        "coordinates": [
          -76.16666666666667,
          5.166666666666666
        ]
      },
      "properties": {
        "u_ms": 0.547,
        "v_ms": -0.1901,
        "rapidez_ms": 0.5791,
        "direccion_grados": 289.17,
        "label": "0.58 m/s"
      }
    },
    {
      "type": "Feature",
      "geometry": {
        "type": "Point",
        "coordinates": [
          -76.08333333333333,
          5.166666666666666
        ]
      },
      "properties": {
        "u_ms": 0.5922,
        "v_ms": -0.3012,
        "rapidez_ms": 0.6644,
        "direccion_grados": 296.96,
        "label": "0.66 m/s"
      }
    },
    {
      "type": "Feature",
      "geometry": {
        "type": "Point",
        "coordinates": [
          -76.0,
          5.166666666666666
        ]
      },
      "properties": {
        "u_ms": 0.6374,
        "v_ms": -0.4122,
        "rapidez_ms": 0.7591,
        "direccion_grados": 302.89,
        "label": "0.76 m/s"
      }
    },
    {
      "type": "Feature",
      "geometry": {
        "type": "Point",
        "coordinates": [
          -75.91666666666667,
          5.166666666666666
        ]
      },
      "properties": {
        "u_ms": 0.5307,
        "v_ms": -0.3543,
        "rapidez_ms": 0.6381,
        "direccion_grados": 303.73,
        "label": "0.64 m/s"
      }
    },
    {
      "type": "Feature",
      "geometry": {
        "type": "Point",
        "coordinates": [
          -75.83333333333333,
          5.166666666666666
        ]
      },
      "properties": {
        "u_ms": 0.424,
        "v_ms": -0.2964,
        "rapidez_ms": 0.5173,
        "direccion_grados": 304.95,
        "label": "0.52 m/s"
      }
    },
    {
      "type": "Feature",
      "geometry": {
        "type": "Point",
        "coordinates": [
          -75.75,
          5.166666666666666
        ]
      },
      "properties": {
        "u_ms": 0.3173,
        "v_ms": -0.2384,
        "rapidez_ms": 0.3969,
        "direccion_grados": 306.92,
        "label": "0.40 m/s"
      }
    },
    {
      "type": "Feature",
      "geometry": {
        "type": "Point",
        "coordinates": [
          -75.66666666666667,
          5.166666666666666
        ]
      },
      "properties": {
        "u_ms": 0.0518,
        "v_ms": -0.1428,
        "rapidez_ms": 0.1519,
        "direccion_grados": 340.06,
        "label": "0.15 m/s"
      }
    },
    {
      "type": "Feature",
      "geometry": {
        "type": "Point",
        "coordinates": [
          -75.58333333333333,
          5.166666666666666
        ]
      },
      "properties": {
        "u_ms": -0.2137,
        "v_ms": -0.0472,
        "rapidez_ms": 0.2188,
        "direccion_grados": 77.54,
        "label": "0.22 m/s"
      }
    },
    {
      "type": "Feature",
      "geometry": {
        "type": "Point",
        "coordinates": [
          -75.5,
          5.166666666666666
        ]
      },
      "properties": {
        "u_ms": -0.4792,
        "v_ms": 0.0484,
        "rapidez_ms": 0.4816,
        "direccion_grados": 95.77,
        "label": "0.48 m/s"
      }
    },
    {
      "type": "Feature",
      "geometry": {
        "type": "Point",
        "coordinates": [
          -75.41666666666667,
          5.166666666666666
        ]
      },
      "properties": {
        "u_ms": -0.5956,
        "v_ms": 0.0916,
        "rapidez_ms": 0.6026,
        "direccion_grados": 98.75,
        "label": "0.60 m/s"
      }
    },
    {
      "type": "Feature",
      "geometry": {
        "type": "Point",
        "coordinates": [
          -75.33333333333333,
          5.166666666666666
        ]
      },
      "properties": {
        "u_ms": -0.712,
        "v_ms": 0.1348,
        "rapidez_ms": 0.7246,
        "direccion_grados": 100.72,
        "label": "0.72 m/s"
      }
    },
    {
      "type": "Feature",
      "geometry": {
        "type": "Point",
        "coordinates": [
          -75.25,
          5.166666666666666
        ]
      },
      "properties": {
        "u_ms": -0.8284,
        "v_ms": 0.1781,
        "rapidez_ms": 0.8473,
        "direccion_grados": 102.13,
        "label": "0.85 m/s"
      }
    },
    {
      "type": "Feature",
      "geometry": {
        "type": "Point",
        "coordinates": [
          -75.16666666666667,
          5.166666666666666
        ]
      },
      "properties": {
        "u_ms": -0.5958,
        "v_ms": 0.2132,
        "rapidez_ms": 0.6328,
        "direccion_grados": 109.69,
        "label": "0.63 m/s"
      }
    },
    {
      "type": "Feature",
      "geometry": {
        "type": "Point",
        "coordinates": [
          -75.08333333333333,
          5.166666666666666
        ]
      },
      "properties": {
        "u_ms": -0.3633,
        "v_ms": 0.2483,
        "rapidez_ms": 0.44,
        "direccion_grados": 124.36,
        "label": "0.44 m/s"
      }
    },
    {
      "type": "Feature",
      "geometry": {
        "type": "Point",
        "coordinates": [
          -75.0,
          5.166666666666666
        ]
      },
      "properties": {
        "u_ms": -0.1307,
        "v_ms": 0.2834,
        "rapidez_ms": 0.3121,
        "direccion_grados": 155.25,
        "label": "0.31 m/s"
      }
    },
    {
      "type": "Feature",
      "geometry": {
        "type": "Point",
        "coordinates": [
          -76.5,
          5.25
        ]
      },
      "properties": {
        "u_ms": -0.0035,
        "v_ms": 0.3198,
        "rapidez_ms": 0.3198,
        "direccion_grados": 179.37,
        "label": "0.32 m/s"
      }
    },
    {
      "type": "Feature",
      "geometry": {
        "type": "Point",
        "coordinates": [
          -76.41666666666667,
          5.25
        ]
      },
      "properties": {
        "u_ms": 0.1511,
        "v_ms": 0.1648,
        "rapidez_ms": 0.2237,
        "direccion_grados": 222.52,
        "label": "0.22 m/s"
      }
    },
    {
      "type": "Feature",
      "geometry": {
        "type": "Point",
        "coordinates": [
          -76.33333333333333,
          5.25
        ]
      },
      "properties": {
        "u_ms": 0.3058,
        "v_ms": 0.0099,
        "rapidez_ms": 0.306,
        "direccion_grados": 268.14,
        "label": "0.31 m/s"
      }
    },
    {
      "type": "Feature",
      "geometry": {
        "type": "Point",
        "coordinates": [
          -76.25,
          5.25
        ]
      },
      "properties": {
        "u_ms": 0.4604,
        "v_ms": -0.145,
        "rapidez_ms": 0.4827,
        "direccion_grados": 287.48,
        "label": "0.48 m/s"
      }
    },
    {
      "type": "Feature",
      "geometry": {
        "type": "Point",
        "coordinates": [
          -76.16666666666667,
          5.25
        ]
      },
      "properties": {
        "u_ms": 0.5201,
        "v_ms": -0.2544,
        "rapidez_ms": 0.579,
        "direccion_grados": 296.07,
        "label": "0.58 m/s"
      }
    },
    {
      "type": "Feature",
      "geometry": {
        "type": "Point",
        "coordinates": [
          -76.08333333333333,
          5.25
        ]
      },
      "properties": {
        "u_ms": 0.5797,
        "v_ms": -0.3639,
        "rapidez_ms": 0.6845,
        "direccion_grados": 302.11,
        "label": "0.68 m/s"
      }
    },
    {
      "type": "Feature",
      "geometry": {
        "type": "Point",
        "coordinates": [
          -76.0,
          5.25
        ]
      },
      "properties": {
        "u_ms": 0.6394,
        "v_ms": -0.4733,
        "rapidez_ms": 0.7955,
        "direccion_grados": 306.51,
        "label": "0.80 m/s"
      }
    },
    {
      "type": "Feature",
      "geometry": {
        "type": "Point",
        "coordinates": [
          -75.91666666666667,
          5.25
        ]
      },
      "properties": {
        "u_ms": 0.5373,
        "v_ms": -0.3792,
        "rapidez_ms": 0.6576,
        "direccion_grados": 305.21,
        "label": "0.66 m/s"
      }
    },
    {
      "type": "Feature",
      "geometry": {
        "type": "Point",
        "coordinates": [
          -75.83333333333333,
          5.25
        ]
      },
      "properties": {
        "u_ms": 0.4353,
        "v_ms": -0.2851,
        "rapidez_ms": 0.5203,
        "direccion_grados": 303.22,
        "label": "0.52 m/s"
      }
    },
    {
      "type": "Feature",
      "geometry": {
        "type": "Point",
        "coordinates": [
          -75.75,
          5.25
        ]
      },
      "properties": {
        "u_ms": 0.3332,
        "v_ms": -0.191,
        "rapidez_ms": 0.3841,
        "direccion_grados": 299.82,
        "label": "0.38 m/s"
      }
    },
    {
      "type": "Feature",
      "geometry": {
        "type": "Point",
        "coordinates": [
          -75.66666666666667,
          5.25
        ]
      },
      "properties": {
        "u_ms": 0.0591,
        "v_ms": -0.1053,
        "rapidez_ms": 0.1207,
        "direccion_grados": 330.68,
        "label": "0.12 m/s"
      }
    },
    {
      "type": "Feature",
      "geometry": {
        "type": "Point",
        "coordinates": [
          -75.58333333333333,
          5.25
        ]
      },
      "properties": {
        "u_ms": -0.215,
        "v_ms": -0.0195,
        "rapidez_ms": 0.2159,
        "direccion_grados": 84.8,
        "label": "0.22 m/s"
      }
    },
    {
      "type": "Feature",
      "geometry": {
        "type": "Point",
        "coordinates": [
          -75.5,
          5.25
        ]
      },
      "properties": {
        "u_ms": -0.4891,
        "v_ms": 0.0662,
        "rapidez_ms": 0.4935,
        "direccion_grados": 97.71,
        "label": "0.49 m/s"
      }
    },
    {
      "type": "Feature",
      "geometry": {
        "type": "Point",
        "coordinates": [
          -75.41666666666667,
          5.25
        ]
      },
      "properties": {
        "u_ms": -0.6178,
        "v_ms": 0.0834,
        "rapidez_ms": 0.6234,
        "direccion_grados": 97.69,
        "label": "0.62 m/s"
      }
    },
    {
      "type": "Feature",
      "geometry": {
        "type": "Point",
        "coordinates": [
          -75.33333333333333,
          5.25
        ]
      },
      "properties": {
        "u_ms": -0.7465,
        "v_ms": 0.1007,
        "rapidez_ms": 0.7532,
        "direccion_grados": 97.68,
        "label": "0.75 m/s"
      }
    },
    {
      "type": "Feature",
      "geometry": {
        "type": "Point",
        "coordinates": [
          -75.25,
          5.25
        ]
      },
      "properties": {
        "u_ms": -0.8752,
        "v_ms": 0.1179,
        "rapidez_ms": 0.8831,
        "direccion_grados": 97.67,
        "label": "0.88 m/s"
      }
    },
    {
      "type": "Feature",
      "geometry": {
        "type": "Point",
        "coordinates": [
          -75.16666666666667,
          5.25
        ]
      },
      "properties": {
        "u_ms": -0.6398,
        "v_ms": 0.1566,
        "rapidez_ms": 0.6587,
        "direccion_grados": 103.75,
        "label": "0.66 m/s"
      }
    },
    {
      "type": "Feature",
      "geometry": {
        "type": "Point",
        "coordinates": [
          -75.08333333333333,
          5.25
        ]
      },
      "properties": {
        "u_ms": -0.4045,
        "v_ms": 0.1952,
        "rapidez_ms": 0.4491,
        "direccion_grados": 115.77,
        "label": "0.45 m/s"
      }
    },
    {
      "type": "Feature",
      "geometry": {
        "type": "Point",
        "coordinates": [
          -75.0,
          5.25
        ]
      },
      "properties": {
        "u_ms": -0.1691,
        "v_ms": 0.2339,
        "rapidez_ms": 0.2886,
        "direccion_grados": 144.13,
        "label": "0.29 m/s"
      }
    },
    {
      "type": "Feature",
      "geometry": {
        "type": "Point",
        "coordinates": [
          -76.5,
          5.333333333333333
        ]
      },
      "properties": {
        "u_ms": 0.0586,
        "v_ms": 0.2052,
        "rapidez_ms": 0.2134,
        "direccion_grados": 195.93,
        "label": "0.21 m/s"
      }
    },
    {
      "type": "Feature",
      "geometry": {
        "type": "Point",
        "coordinates": [
          -76.41666666666667,
          5.333333333333333
        ]
      },
      "properties": {
        "u_ms": 0.2023,
        "v_ms": 0.0817,
        "rapidez_ms": 0.2182,
        "direccion_grados": 248.01,
        "label": "0.22 m/s"
      }
    },
    {
      "type": "Feature",
      "geometry": {
        "type": "Point",
        "coordinates": [
          -76.33333333333333,
          5.333333333333333
        ]
      },
      "properties": {
        "u_ms": 0.3461,
        "v_ms": -0.0417,
        "rapidez_ms": 0.3486,
        "direccion_grados": 276.88,
        "label": "0.35 m/s"
      }
    },
    {
      "type": "Feature",
      "geometry": {
        "type": "Point",
        "coordinates": [
          -76.25,
          5.333333333333333
        ]
      },
      "properties": {
        "u_ms": 0.4898,
        "v_ms": -0.1652,
        "rapidez_ms": 0.5169,
        "direccion_grados": 288.63,
        "label": "0.52 m/s"
      }
    },
    {
      "type": "Feature",
      "geometry": {
        "type": "Point",
        "coordinates": [
          -76.16666666666667,
          5.333333333333333
        ]
      },
      "properties": {
        "u_ms": 0.5371,
        "v_ms": -0.2269,
        "rapidez_ms": 0.5831,
        "direccion_grados": 292.9,
        "label": "0.58 m/s"
      }
    },
    {
      "type": "Feature",
      "geometry": {
        "type": "Point",
        "coordinates": [
          -76.08333333333333,
          5.333333333333333
        ]
      },
      "properties": {
        "u_ms": 0.5844,
        "v_ms": -0.2887,
        "rapidez_ms": 0.6518,
        "direccion_grados": 296.29,
        "label": "0.65 m/s"
      }
    },
    {
      "type": "Feature",
      "geometry": {
        "type": "Point",
        "coordinates": [
          -76.0,
          5.333333333333333
        ]
      },
      "properties": {
        "u_ms": 0.6316,
        "v_ms": -0.3504,
        "rapidez_ms": 0.7223,
        "direccion_grados": 299.02,
        "label": "0.72 m/s"
      }
    },
    {
      "type": "Feature",
      "geometry": {
        "type": "Point",
        "coordinates": [
          -75.91666666666667,
          5.333333333333333
        ]
      },
      "properties": {
        "u_ms": 0.5318,
        "v_ms": -0.2635,
        "rapidez_ms": 0.5935,
        "direccion_grados": 296.36,
        "label": "0.59 m/s"
      }
    },
    {
      "type": "Feature",
      "geometry": {
        "type": "Point",
        "coordinates": [
          -75.83333333333333,
          5.333333333333333
        ]
      },
      "properties": {
        "u_ms": 0.4319,
        "v_ms": -0.1766,
        "rapidez_ms": 0.4667,
        "direccion_grados": 292.24,
        "label": "0.47 m/s"
      }
    },
    {
      "type": "Feature",
      "geometry": {
        "type": "Point",
        "coordinates": [
          -75.75,
          5.333333333333333
        ]
      },
      "properties": {
        "u_ms": 0.3321,
        "v_ms": -0.0897,
        "rapidez_ms": 0.344,
        "direccion_grados": 285.11,
        "label": "0.34 m/s"
      }
    },
    {
      "type": "Feature",
      "geometry": {
        "type": "Point",
        "coordinates": [
          -75.66666666666667,
          5.333333333333333
        ]
      },
      "properties": {
        "u_ms": 0.063,
        "v_ms": -0.0322,
        "rapidez_ms": 0.0707,
        "direccion_grados": 297.06,
        "label": "0.07 m/s"
      }
    },
    {
      "type": "Feature",
      "geometry": {
        "type": "Point",
        "coordinates": [
          -75.58333333333333,
          5.333333333333333
        ]
      },
      "properties": {
        "u_ms": -0.2062,
        "v_ms": 0.0254,
        "rapidez_ms": 0.2077,
        "direccion_grados": 97.02,
        "label": "0.21 m/s"
      }
    },
    {
      "type": "Feature",
      "geometry": {
        "type": "Point",
        "coordinates": [
          -75.5,
          5.333333333333333
        ]
      },
      "properties": {
        "u_ms": -0.4753,
        "v_ms": 0.0829,
        "rapidez_ms": 0.4825,
        "direccion_grados": 99.89,
        "label": "0.48 m/s"
      }
    },
    {
      "type": "Feature",
      "geometry": {
        "type": "Point",
        "coordinates": [
          -75.41666666666667,
          5.333333333333333
        ]
      },
      "properties": {
        "u_ms": -0.5991,
        "v_ms": 0.0867,
        "rapidez_ms": 0.6053,
        "direccion_grados": 98.23,
        "label": "0.61 m/s"
      }
    },
    {
      "type": "Feature",
      "geometry": {
        "type": "Point",
        "coordinates": [
          -75.33333333333333,
          5.333333333333333
        ]
      },
      "properties": {
        "u_ms": -0.7228,
        "v_ms": 0.0905,
        "rapidez_ms": 0.7285,
        "direccion_grados": 97.13,
        "label": "0.73 m/s"
      }
    },
    {
      "type": "Feature",
      "geometry": {
        "type": "Point",
        "coordinates": [
          -75.25,
          5.333333333333333
        ]
      },
      "properties": {
        "u_ms": -0.8466,
        "v_ms": 0.0942,
        "rapidez_ms": 0.8518,
        "direccion_grados": 96.35,
        "label": "0.85 m/s"
      }
    },
    {
      "type": "Feature",
      "geometry": {
        "type": "Point",
        "coordinates": [
          -75.16666666666667,
          5.333333333333333
        ]
      },
      "properties": {
        "u_ms": -0.6136,
        "v_ms": 0.1216,
        "rapidez_ms": 0.6256,
        "direccion_grados": 101.21,
        "label": "0.63 m/s"
      }
    },
    {
      "type": "Feature",
      "geometry": {
        "type": "Point",
        "coordinates": [
          -75.08333333333333,
          5.333333333333333
        ]
      },
      "properties": {
        "u_ms": -0.3807,
        "v_ms": 0.149,
        "rapidez_ms": 0.4088,
        "direccion_grados": 111.38,
        "label": "0.41 m/s"
      }
    },
    {
      "type": "Feature",
      "geometry": {
        "type": "Point",
        "coordinates": [
          -75.0,
          5.333333333333333
        ]
      },
      "properties": {
        "u_ms": -0.1477,
        "v_ms": 0.1764,
        "rapidez_ms": 0.2301,
        "direccion_grados": 140.06,
        "label": "0.23 m/s"
      }
    },
    {
      "type": "Feature",
      "geometry": {
        "type": "Point",
        "coordinates": [
          -76.5,
          5.416666666666666
        ]
      },
      "properties": {
        "u_ms": 0.1206,
        "v_ms": 0.0906,
        "rapidez_ms": 0.1508,
        "direccion_grados": 233.1,
        "label": "0.15 m/s"
      }
    },
    {
      "type": "Feature",
      "geometry": {
        "type": "Point",
        "coordinates": [
          -76.41666666666667,
          5.416666666666666
        ]
      },
      "properties": {
        "u_ms": 0.2535,
        "v_ms": -0.0014,
        "rapidez_ms": 0.2535,
        "direccion_grados": 270.32,
        "label": "0.25 m/s"
      }
    },
    {
      "type": "Feature",
      "geometry": {
        "type": "Point",
        "coordinates": [
          -76.33333333333333,
          5.416666666666666
        ]
      },
      "properties": {
        "u_ms": 0.3864,
        "v_ms": -0.0934,
        "rapidez_ms": 0.3975,
        "direccion_grados": 283.59,
        "label": "0.40 m/s"
      }
    },
    {
      "type": "Feature",
      "geometry": {
        "type": "Point",
        "coordinates": [
          -76.25,
          5.416666666666666
        ]
      },
      "properties": {
        "u_ms": 0.5192,
        "v_ms": -0.1854,
        "rapidez_ms": 0.5513,
        "direccion_grados": 289.65,
        "label": "0.55 m/s"
      }
    },
    {
      "type": "Feature",
      "geometry": {
        "type": "Point",
        "coordinates": [
          -76.16666666666667,
          5.416666666666666
        ]
      },
      "properties": {
        "u_ms": 0.5541,
        "v_ms": -0.1994,
        "rapidez_ms": 0.5889,
        "direccion_grados": 289.79,
        "label": "0.59 m/s"
      }
    },
    {
      "type": "Feature",
      "geometry": {
        "type": "Point",
        "coordinates": [
          -76.08333333333333,
          5.416666666666666
        ]
      },
      "properties": {
        "u_ms": 0.589,
        "v_ms": -0.2135,
        "rapidez_ms": 0.6265,
        "direccion_grados": 289.93,
        "label": "0.63 m/s"
      }
    },
    {
      "type": "Feature",
      "geometry": {
        "type": "Point",
        "coordinates": [
          -76.0,
          5.416666666666666
        ]
      },
      "properties": {
        "u_ms": 0.6239,
        "v_ms": -0.2276,
        "rapidez_ms": 0.6641,
        "direccion_grados": 290.04,
        "label": "0.66 m/s"
      }
    },
    {
      "type": "Feature",
      "geometry": {
        "type": "Point",
        "coordinates": [
          -75.91666666666667,
          5.416666666666666
        ]
      },
      "properties": {
        "u_ms": 0.5263,
        "v_ms": -0.1479,
        "rapidez_ms": 0.5466,
        "direccion_grados": 285.69,
        "label": "0.55 m/s"
      }
    },
    {
      "type": "Feature",
      "geometry": {
        "type": "Point",
        "coordinates": [
          -75.83333333333333,
          5.416666666666666
        ]
      },
      "properties": {
        "u_ms": 0.4286,
        "v_ms": -0.0681,
        "rapidez_ms": 0.434,
        "direccion_grados": 279.03,
        "label": "0.43 m/s"
      }
    },
    {
      "type": "Feature",
      "geometry": {
        "type": "Point",
        "coordinates": [
          -75.75,
          5.416666666666666
        ]
      },
      "properties": {
        "u_ms": 0.331,
        "v_ms": 0.0116,
        "rapidez_ms": 0.3312,
        "direccion_grados": 267.99,
        "label": "0.33 m/s"
      }
    },
    {
      "type": "Feature",
      "geometry": {
        "type": "Point",
        "coordinates": [
          -75.66666666666667,
          5.416666666666666
        ]
      },
      "properties": {
        "u_ms": 0.0668,
        "v_ms": 0.041,
        "rapidez_ms": 0.0784,
        "direccion_grados": 238.49,
        "label": "0.08 m/s"
      }
    },
    {
      "type": "Feature",
      "geometry": {
        "type": "Point",
        "coordinates": [
          -75.58333333333333,
          5.416666666666666
        ]
      },
      "properties": {
        "u_ms": -0.1974,
        "v_ms": 0.0703,
        "rapidez_ms": 0.2095,
        "direccion_grados": 109.6,
        "label": "0.21 m/s"
      }
    },
    {
      "type": "Feature",
      "geometry": {
        "type": "Point",
        "coordinates": [
          -75.5,
          5.416666666666666
        ]
      },
      "properties": {
        "u_ms": -0.4616,
        "v_ms": 0.0996,
        "rapidez_ms": 0.4722,
        "direccion_grados": 102.18,
        "label": "0.47 m/s"
      }
    },
    {
      "type": "Feature",
      "geometry": {
        "type": "Point",
        "coordinates": [
          -75.41666666666667,
          5.416666666666666
        ]
      },
      "properties": {
        "u_ms": -0.5804,
        "v_ms": 0.0899,
        "rapidez_ms": 0.5873,
        "direccion_grados": 98.81,
        "label": "0.59 m/s"
      }
    },
    {
      "type": "Feature",
      "geometry": {
        "type": "Point",
        "coordinates": [
          -75.33333333333333,
          5.416666666666666
        ]
      },
      "properties": {
        "u_ms": -0.6992,
        "v_ms": 0.0802,
        "rapidez_ms": 0.7038,
        "direccion_grados": 96.55,
        "label": "0.70 m/s"
      }
    },
    {
      "type": "Feature",
      "geometry": {
        "type": "Point",
        "coordinates": [
          -75.25,
          5.416666666666666
        ]
      },
      "properties": {
        "u_ms": -0.818,
        "v_ms": 0.0705,
        "rapidez_ms": 0.8211,
        "direccion_grados": 94.93,
        "label": "0.82 m/s"
      }
    },
    {
      "type": "Feature",
      "geometry": {
        "type": "Point",
        "coordinates": [
          -75.16666666666667,
          5.416666666666666
        ]
      },
      "properties": {
        "u_ms": -0.5874,
        "v_ms": 0.0867,
        "rapidez_ms": 0.5938,
        "direccion_grados": 98.39,
        "label": "0.59 m/s"
      }
    },
    {
      "type": "Feature",
      "geometry": {
        "type": "Point",
        "coordinates": [
          -75.08333333333333,
          5.416666666666666
        ]
      },
      "properties": {
        "u_ms": -0.3569,
        "v_ms": 0.1028,
        "rapidez_ms": 0.3714,
        "direccion_grados": 106.07,
        "label": "0.37 m/s"
      }
    },
    {
      "type": "Feature",
      "geometry": {
        "type": "Point",
        "coordinates": [
          -75.0,
          5.416666666666666
        ]
      },
      "properties": {
        "u_ms": -0.1263,
        "v_ms": 0.1189,
        "rapidez_ms": 0.1734,
        "direccion_grados": 133.27,
        "label": "0.17 m/s"
      }
    },
    {
      "type": "Feature",
      "geometry": {
        "type": "Point",
        "coordinates": [
          -76.5,
          5.5
        ]
      },
      "properties": {
        "u_ms": 0.1826,
        "v_ms": -0.024,
        "rapidez_ms": 0.1842,
        "direccion_grados": 277.5,
        "label": "0.18 m/s"
      }
    },
    {
      "type": "Feature",
      "geometry": {
        "type": "Point",
        "coordinates": [
          -76.41666666666667,
          5.5
        ]
      },
      "properties": {
        "u_ms": 0.3046,
        "v_ms": -0.0845,
        "rapidez_ms": 0.3162,
        "direccion_grados": 285.51,
        "label": "0.32 m/s"
      }
    },
    {
      "type": "Feature",
      "geometry": {
        "type": "Point",
        "coordinates": [
          -76.33333333333333,
          5.5
        ]
      },
      "properties": {
        "u_ms": 0.4266,
        "v_ms": -0.145,
        "rapidez_ms": 0.4506,
        "direccion_grados": 288.78,
        "label": "0.45 m/s"
      }
    },
    {
      "type": "Feature",
      "geometry": {
        "type": "Point",
        "coordinates": [
          -76.25,
          5.5
        ]
      },
      "properties": {
        "u_ms": 0.5486,
        "v_ms": -0.2055,
        "rapidez_ms": 0.5859,
        "direccion_grados": 290.54,
        "label": "0.59 m/s"
      }
    },
    {
      "type": "Feature",
      "geometry": {
        "type": "Point",
        "coordinates": [
          -76.16666666666667,
          5.5
        ]
      },
      "properties": {
        "u_ms": 0.5711,
        "v_ms": -0.1719,
        "rapidez_ms": 0.5965,
        "direccion_grados": 286.75,
        "label": "0.60 m/s"
      }
    },
    {
      "type": "Feature",
      "geometry": {
        "type": "Point",
        "coordinates": [
          -76.08333333333333,
          5.5
        ]
      },
      "properties": {
        "u_ms": 0.5936,
        "v_ms": -0.1384,
        "rapidez_ms": 0.6095,
        "direccion_grados": 283.12,
        "label": "0.61 m/s"
      }
    },
    {
      "type": "Feature",
      "geometry": {
        "type": "Point",
        "coordinates": [
          -76.0,
          5.5
        ]
      },
      "properties": {
        "u_ms": 0.6161,
        "v_ms": -0.1048,
        "rapidez_ms": 0.625,
        "direccion_grados": 279.65,
        "label": "0.62 m/s"
      }
    },
    {
      "type": "Feature",
      "geometry": {
        "type": "Point",
        "coordinates": [
          -75.91666666666667,
          5.5
        ]
      },
      "properties": {
        "u_ms": 0.5207,
        "v_ms": -0.0322,
        "rapidez_ms": 0.5217,
        "direccion_grados": 273.54,
        "label": "0.52 m/s"
      }
    },
    {
      "type": "Feature",
      "geometry": {
        "type": "Point",
        "coordinates": [
          -75.83333333333333,
          5.5
        ]
      },
      "properties": {
        "u_ms": 0.4253,
        "v_ms": 0.0403,
        "rapidez_ms": 0.4272,
        "direccion_grados": 264.58,
        "label": "0.43 m/s"
      }
    },
    {
      "type": "Feature",
      "geometry": {
        "type": "Point",
        "coordinates": [
          -75.75,
          5.5
        ]
      },
      "properties": {
        "u_ms": 0.3299,
        "v_ms": 0.1129,
        "rapidez_ms": 0.3487,
        "direccion_grados": 251.11,
        "label": "0.35 m/s"
      }
    },
    {
      "type": "Feature",
      "geometry": {
        "type": "Point",
        "coordinates": [
          -75.66666666666667,
          5.5
        ]
      },
      "properties": {
        "u_ms": 0.0706,
        "v_ms": 0.1141,
        "rapidez_ms": 0.1342,
        "direccion_grados": 211.77,
        "label": "0.13 m/s"
      }
    },
    {
      "type": "Feature",
      "geometry": {
        "type": "Point",
        "coordinates": [
          -75.58333333333333,
          5.5
        ]
      },
      "properties": {
        "u_ms": -0.1886,
        "v_ms": 0.1152,
        "rapidez_ms": 0.221,
        "direccion_grados": 121.42,
        "label": "0.22 m/s"
      }
    },
    {
      "type": "Feature",
      "geometry": {
        "type": "Point",
        "coordinates": [
          -75.5,
          5.5
        ]
      },
      "properties": {
        "u_ms": -0.4478,
        "v_ms": 0.1164,
        "rapidez_ms": 0.4627,
        "direccion_grados": 104.57,
        "label": "0.46 m/s"
      }
    },
    {
      "type": "Feature",
      "geometry": {
        "type": "Point",
        "coordinates": [
          -75.41666666666667,
          5.5
        ]
      },
      "properties": {
        "u_ms": -0.5617,
        "v_ms": 0.0932,
        "rapidez_ms": 0.5694,
        "direccion_grados": 99.42,
        "label": "0.57 m/s"
      }
    },
    {
      "type": "Feature",
      "geometry": {
        "type": "Point",
        "coordinates": [
          -75.33333333333333,
          5.5
        ]
      },
      "properties": {
        "u_ms": -0.6756,
        "v_ms": 0.07,
        "rapidez_ms": 0.6792,
        "direccion_grados": 95.92,
        "label": "0.68 m/s"
      }
    },
    {
      "type": "Feature",
      "geometry": {
        "type": "Point",
        "coordinates": [
          -75.25,
          5.5
        ]
      },
      "properties": {
        "u_ms": -0.7894,
        "v_ms": 0.0469,
        "rapidez_ms": 0.7908,
        "direccion_grados": 93.4,
        "label": "0.79 m/s"
      }
    },
    {
      "type": "Feature",
      "geometry": {
        "type": "Point",
        "coordinates": [
          -75.16666666666667,
          5.5
        ]
      },
      "properties": {
        "u_ms": -0.5613,
        "v_ms": 0.0517,
        "rapidez_ms": 0.5636,
        "direccion_grados": 95.26,
        "label": "0.56 m/s"
      }
    },
    {
      "type": "Feature",
      "geometry": {
        "type": "Point",
        "coordinates": [
          -75.08333333333333,
          5.5
        ]
      },
      "properties": {
        "u_ms": -0.3331,
        "v_ms": 0.0565,
        "rapidez_ms": 0.3378,
        "direccion_grados": 99.64,
        "label": "0.34 m/s"
      }
    },
    {
      "type": "Feature",
      "geometry": {
        "type": "Point",
        "coordinates": [
          -75.0,
          5.5
        ]
      },
      "properties": {
        "u_ms": -0.1049,
        "v_ms": 0.0614,
        "rapidez_ms": 0.1215,
        "direccion_grados": 120.35,
        "label": "0.12 m/s"
      }
    }
  ]
}